date,ticker,reason
2015-01-02,AABA,no_shares
2015-01-02,ABC,no_shares
2015-01-02,ADS,no_shares
2015-01-02,ADT,no_shares
2015-01-02,AET,no_shares
2015-01-02,AGN,no_shares
2015-01-02,ALTR,no_shares
2015-01-02,ALXN,no_shares
2015-01-02,ANDV,no_shares
2015-01-02,APA,no_shares
2015-01-02,APC,no_shares
2015-01-02,ARG,no_shares
2015-01-02,ARNC,no_shares
2015-01-02,AVGO,no_shares
2015-01-02,AVP,no_shares
2015-01-02,BCR,no_shares
2015-01-02,BHGE,no_shares
2015-01-02,BLK,no_shares
2015-01-02,BLL,no_shares
2015-01-02,BRCM,no_shares
2015-01-02,CA,no_shares
2015-01-02,CAM,no_shares
2015-01-02,CBS,no_shares
2015-01-02,CCE,no_shares
2015-01-02,CELG,no_shares
2015-01-02,CFN,no_shares
2015-01-02,CHK,no_shares
2015-01-02,CI,no_shares
2015-01-02,CMA,no_shares
2015-01-02,COG,no_shares
2015-01-02,COL,no_shares
2015-01-02,COV,no_shares
2015-01-02,CTXS,no_shares
2015-01-02,CVC,no_shares
2015-01-02,DD,no_shares
2015-01-02,DFS,no_shares
2015-01-02,DIS,no_shares
2015-01-02,DISCA,no_shares
2015-01-02,DISCK,no_shares
2015-01-02,DNB,no_shares
2015-01-02,DNR,no_shares
2015-01-02,DO,no_shares
2015-01-02,DOW,no_shares
2015-01-02,DTV,no_shares
2015-01-02,DXC,no_shares
2015-01-02,EL,no_shares
2015-01-02,EMC,no_shares
2015-01-02,ESRX,no_shares
2015-01-02,ESV,no_shares
2015-01-02,ETFC,no_shares
2015-01-02,EXPE,no_shares
2015-01-02,FDO,no_shares
2015-01-02,FI,no_shares
2015-01-02,FLIR,no_shares
2015-01-02,FOXA,no_shares
2015-01-02,FTI,no_shares
2015-01-02,FTR,no_shares
2015-01-02,GAS,no_shares
2015-01-02,GGP,no_shares
2015-01-02,GMCR,no_shares
2015-01-02,GPS,no_shares
2015-01-02,HAR,no_shares
2015-01-02,HCBK,no_shares
2015-01-02,HCP,no_shares
2015-01-02,HES,no_shares
2015-01-02,HOT,no_shares
2015-01-02,HRL,no_shares
2015-01-02,HRS,no_shares
2015-01-02,HSP,no_shares
2015-01-02,IPG,no_shares
2015-01-02,IR,no_shares
2015-01-02,JEC,no_shares
2015-01-02,JNPR,no_shares
2015-01-02,JOY,no_shares
2015-01-02,JWN,no_shares
2015-01-02,K,no_shares
2015-01-02,KORS,no_shares
2015-01-02,KRFT,no_shares
2015-01-02,KSU,no_shares
2015-01-02,LB,no_shares
2015-01-02,LEN,no_shares
2015-01-02,LLL,no_shares
2015-01-02,LLTC,no_shares
2015-01-02,LM,no_shares
2015-01-02,LO,no_shares
2015-01-02,LVLT,no_shares
2015-01-02,META,no_shares
2015-01-02,MJN,no_shares
2015-01-02,MKC,no_shares
2015-01-02,MMC,no_shares
2015-01-02,MNK,no_shares
2015-01-02,MON,no_shares
2015-01-02,MRO,no_shares
2015-01-02,MWV,no_shares
2015-01-02,MYL,no_shares
2015-01-02,NBL,no_shares
2015-01-02,NE,no_shares
2015-01-02,NFX,no_shares
2015-01-02,NLSN,no_shares
2015-01-02,PBCT,no_shares
2015-01-02,PCL,no_shares
2015-01-02,PCP,no_shares
2015-01-02,PDCO,no_shares
2015-01-02,PETM,no_shares
2015-01-02,PLL,no_shares
2015-01-02,POM,no_shares
2015-01-02,PX,no_shares
2015-01-02,PXD,no_shares
2015-01-02,QEP,no_shares
2015-01-02,RAI,no_shares
2015-01-02,RHT,no_shares
2015-01-02,RL,no_shares
2015-01-02,SCG,no_shares
2015-01-02,SE,no_shares
2015-01-02,SEE,no_shares
2015-01-02,SHC,no_shares
2015-01-02,SIAL,no_shares
2015-01-02,SNDK,no_shares
2015-01-02,SNI,no_shares
2015-01-02,SPG,no_shares
2015-01-02,SPLS,no_shares
2015-01-02,SRCL,no_shares
2015-01-02,STI,no_shares
2015-01-02,STJ,no_shares
2015-01-02,STZ,no_shares
2015-01-02,SWN,no_shares
2015-01-02,SWY,no_shares
2015-01-02,SYMC,no_shares
2015-01-02,TAP,no_shares
2015-01-02,TE,no_shares
2015-01-02,TEG,no_shares
2015-01-02,TGNA,no_shares
2015-01-02,TMK,no_shares
2015-01-02,TSS,no_shares
2015-01-02,TWC,no_shares
2015-01-02,TWX,no_shares
2015-01-02,UAA,no_shares
2015-01-02,UHS,no_shares
2015-01-02,UTX,no_shares
2015-01-02,VIAB,no_shares
2015-01-02,WBA,no_shares
2015-01-02,WFM,no_shares
2015-01-02,WIN,no_shares
2015-01-02,WYND,no_shares
2015-01-02,XEC,no_shares
2015-01-02,XL,no_shares
2015-01-02,XRX,no_shares
2015-03-31,AABA,no_shares
2015-03-31,ABC,no_shares
2015-03-31,ADS,no_shares
2015-03-31,ADT,no_shares
2015-03-31,AET,no_shares
2015-03-31,AGN,no_shares
2015-03-31,ALTR,no_shares
2015-03-31,ALXN,no_shares
2015-03-31,ANDV,no_shares
2015-03-31,APA,no_shares
2015-03-31,APC,no_shares
2015-03-31,ARG,no_shares
2015-03-31,ARNC,no_shares
2015-03-31,AVGO,no_shares
2015-03-31,BCR,no_shares
2015-03-31,BHGE,no_shares
2015-03-31,BLK,no_shares
2015-03-31,BLL,no_shares
2015-03-31,BRCM,no_shares
2015-03-31,CA,no_shares
2015-03-31,CAM,no_shares
2015-03-31,CBS,no_shares
2015-03-31,CCE,no_shares
2015-03-31,CELG,no_shares
2015-03-31,CHK,no_shares
2015-03-31,CI,no_shares
2015-03-31,CMA,no_shares
2015-03-31,COG,no_shares
2015-03-31,COL,no_shares
2015-03-31,CTXS,no_shares
2015-03-31,CVC,no_shares
2015-03-31,DD,no_shares
2015-03-31,DFS,no_shares
2015-03-31,DIS,no_shares
2015-03-31,DISCA,no_shares
2015-03-31,DISCK,no_shares
2015-03-31,DNB,no_shares
2015-03-31,DO,no_shares
2015-03-31,DOW,no_shares
2015-03-31,DTV,no_shares
2015-03-31,DXC,no_shares
2015-03-31,EL,no_shares
2015-03-31,EMC,no_shares
2015-03-31,ENDP,no_shares
2015-03-31,ESRX,no_shares
2015-03-31,ESV,no_shares
2015-03-31,ETFC,no_shares
2015-03-31,EXPE,no_shares
2015-03-31,FDO,no_shares
2015-03-31,FI,no_shares
2015-03-31,FLIR,no_shares
2015-03-31,FOXA,no_shares
2015-03-31,FTI,no_shares
2015-03-31,FTR,no_shares
2015-03-31,GAS,no_shares
2015-03-31,GGP,no_shares
2015-03-31,GMCR,no_shares
2015-03-31,GPS,no_shares
2015-03-31,HAR,no_shares
2015-03-31,HBI,no_shares
2015-03-31,HCBK,no_shares
2015-03-31,HCP,no_shares
2015-03-31,HES,no_shares
2015-03-31,HOT,no_shares
2015-03-31,HRL,no_shares
2015-03-31,HRS,no_shares
2015-03-31,HSP,no_shares
2015-03-31,IPG,no_shares
2015-03-31,IR,no_shares
2015-03-31,JEC,no_shares
2015-03-31,JNPR,no_shares
2015-03-31,JOY,no_shares
2015-03-31,JWN,no_shares
2015-03-31,K,no_shares
2015-03-31,KORS,no_shares
2015-03-31,KRFT,no_shares
2015-03-31,KSU,no_shares
2015-03-31,LB,no_shares
2015-03-31,LEN,no_shares
2015-03-31,LLL,no_shares
2015-03-31,LLTC,no_shares
2015-03-31,LM,no_shares
2015-03-31,LO,no_shares
2015-03-31,LVLT,no_shares
2015-03-31,META,no_shares
2015-03-31,MJN,no_shares
2015-03-31,MKC,no_shares
2015-03-31,MMC,no_shares
2015-03-31,MNK,no_shares
2015-03-31,MON,no_shares
2015-03-31,MRO,no_shares
2015-03-31,MWV,no_shares
2015-03-31,MYL,no_shares
2015-03-31,NBL,no_shares
2015-03-31,NE,no_shares
2015-03-31,NFX,no_shares
2015-03-31,NLSN,no_shares
2015-03-31,PBCT,no_shares
2015-03-31,PCL,no_shares
2015-03-31,PCP,no_shares
2015-03-31,PDCO,no_shares
2015-03-31,PLL,no_shares
2015-03-31,POM,no_shares
2015-03-31,PX,no_shares
2015-03-31,PXD,no_shares
2015-03-31,QEP,no_shares
2015-03-31,RAI,no_shares
2015-03-31,RHT,no_shares
2015-03-31,RL,no_shares
2015-03-31,SCG,no_shares
2015-03-31,SE,no_shares
2015-03-31,SEE,no_shares
2015-03-31,SHC,no_shares
2015-03-31,SIAL,no_shares
2015-03-31,SNDK,no_shares
2015-03-31,SNI,no_shares
2015-03-31,SPG,no_shares
2015-03-31,SPLS,no_shares
2015-03-31,SRCL,no_shares
2015-03-31,STI,no_shares
2015-03-31,STJ,no_shares
2015-03-31,STZ,no_shares
2015-03-31,SWN,no_shares
2015-03-31,SYMC,no_shares
2015-03-31,TAP,no_shares
2015-03-31,TE,no_shares
2015-03-31,TEG,no_shares
2015-03-31,TGNA,no_shares
2015-03-31,TMK,no_shares
2015-03-31,TSS,no_shares
2015-03-31,TWC,no_shares
2015-03-31,TWX,no_shares
2015-03-31,UAA,no_shares
2015-03-31,UHS,no_shares
2015-03-31,UTX,no_shares
2015-03-31,VIAB,no_shares
2015-03-31,WBA,no_shares
2015-03-31,WFM,no_shares
2015-03-31,WIN,no_shares
2015-03-31,WYND,no_shares
2015-03-31,XEC,no_shares
2015-03-31,XL,no_shares
2015-03-31,XRX,no_shares
2015-06-30,AABA,no_shares
2015-06-30,ABC,no_shares
2015-06-30,ADS,no_shares
2015-06-30,ADT,no_shares
2015-06-30,AET,no_shares
2015-06-30,AGN,no_shares
2015-06-30,ALTR,no_shares
2015-06-30,ALXN,no_shares
2015-06-30,ANDV,no_shares
2015-06-30,APA,no_shares
2015-06-30,APC,no_shares
2015-06-30,ARG,no_shares
2015-06-30,ARNC,no_shares
2015-06-30,AVGO,no_shares
2015-06-30,BCR,no_shares
2015-06-30,BHGE,no_shares
2015-06-30,BLK,no_shares
2015-06-30,BLL,no_shares
2015-06-30,BRCM,no_shares
2015-06-30,CA,no_shares
2015-06-30,CAM,no_shares
2015-06-30,CBS,no_shares
2015-06-30,CCE,no_shares
2015-06-30,CELG,no_shares
2015-06-30,CHK,no_shares
2015-06-30,CI,no_shares
2015-06-30,CMA,no_shares
2015-06-30,COG,no_shares
2015-06-30,COL,no_shares
2015-06-30,CTXS,no_shares
2015-06-30,CVC,no_shares
2015-06-30,DD,no_shares
2015-06-30,DFS,no_shares
2015-06-30,DIS,no_shares
2015-06-30,DISCA,no_shares
2015-06-30,DISCK,no_shares
2015-06-30,DNB,no_shares
2015-06-30,DO,no_shares
2015-06-30,DOW,no_shares
2015-06-30,DTV,no_shares
2015-06-30,DXC,no_shares
2015-06-30,EL,no_shares
2015-06-30,EMC,no_shares
2015-06-30,ENDP,no_shares
2015-06-30,ESRX,no_shares
2015-06-30,ESV,no_shares
2015-06-30,ETFC,no_shares
2015-06-30,EXPE,no_shares
2015-06-30,FDO,no_shares
2015-06-30,FI,no_shares
2015-06-30,FLIR,no_shares
2015-06-30,FOXA,no_shares
2015-06-30,FTI,no_shares
2015-06-30,FTR,no_shares
2015-06-30,GAS,no_shares
2015-06-30,GGP,no_shares
2015-06-30,GMCR,no_shares
2015-06-30,GPS,no_shares
2015-06-30,HAR,no_shares
2015-06-30,HBI,no_shares
2015-06-30,HCBK,no_shares
2015-06-30,HCP,no_shares
2015-06-30,HES,no_shares
2015-06-30,HOT,no_shares
2015-06-30,HRL,no_shares
2015-06-30,HRS,no_shares
2015-06-30,HSP,no_shares
2015-06-30,IPG,no_shares
2015-06-30,IR,no_shares
2015-06-30,JEC,no_shares
2015-06-30,JNPR,no_shares
2015-06-30,JOY,no_shares
2015-06-30,JWN,no_shares
2015-06-30,K,no_shares
2015-06-30,KORS,no_shares
2015-06-30,KRFT,no_shares
2015-06-30,KSU,no_shares
2015-06-30,LB,no_shares
2015-06-30,LEN,no_shares
2015-06-30,LLL,no_shares
2015-06-30,LLTC,no_shares
2015-06-30,LM,no_shares
2015-06-30,LVLT,no_shares
2015-06-30,META,no_shares
2015-06-30,MJN,no_shares
2015-06-30,MKC,no_shares
2015-06-30,MMC,no_shares
2015-06-30,MNK,no_shares
2015-06-30,MON,no_shares
2015-06-30,MRO,no_shares
2015-06-30,MWV,no_shares
2015-06-30,MYL,no_shares
2015-06-30,NBL,no_shares
2015-06-30,NE,no_shares
2015-06-30,NFX,no_shares
2015-06-30,NLSN,no_shares
2015-06-30,PBCT,no_shares
2015-06-30,PCL,no_shares
2015-06-30,PCP,no_shares
2015-06-30,PDCO,no_shares
2015-06-30,PLL,no_shares
2015-06-30,POM,no_shares
2015-06-30,PX,no_shares
2015-06-30,PXD,no_shares
2015-06-30,QEP,no_shares
2015-06-30,RAI,no_shares
2015-06-30,RHT,no_shares
2015-06-30,RL,no_shares
2015-06-30,SCG,no_shares
2015-06-30,SE,no_shares
2015-06-30,SEE,no_shares
2015-06-30,SHC,no_shares
2015-06-30,SIAL,no_shares
2015-06-30,SNDK,no_shares
2015-06-30,SNI,no_shares
2015-06-30,SPG,no_shares
2015-06-30,SPLS,no_shares
2015-06-30,SRCL,no_shares
2015-06-30,STI,no_shares
2015-06-30,STJ,no_shares
2015-06-30,STZ,no_shares
2015-06-30,SWN,no_shares
2015-06-30,SYMC,no_shares
2015-06-30,TAP,no_shares
2015-06-30,TE,no_shares
2015-06-30,TGNA,no_shares
2015-06-30,TMK,no_shares
2015-06-30,TSS,no_shares
2015-06-30,TWC,no_shares
2015-06-30,TWX,no_shares
2015-06-30,UAA,no_shares
2015-06-30,UHS,no_shares
2015-06-30,UTX,no_shares
2015-06-30,VIAB,no_shares
2015-06-30,WBA,no_shares
2015-06-30,WFM,no_shares
2015-06-30,WYND,no_shares
2015-06-30,XEC,no_shares
2015-06-30,XL,no_shares
2015-06-30,XRX,no_shares
2015-09-30,AABA,no_shares
2015-09-30,ABC,no_shares
2015-09-30,ADS,no_shares
2015-09-30,ADT,no_shares
2015-09-30,AET,no_shares
2015-09-30,AGN,no_shares
2015-09-30,ALTR,no_shares
2015-09-30,ALXN,no_shares
2015-09-30,ANDV,no_shares
2015-09-30,APA,no_shares
2015-09-30,APC,no_shares
2015-09-30,ARG,no_shares
2015-09-30,ARNC,no_shares
2015-09-30,AVGO,no_shares
2015-09-30,BCR,no_shares
2015-09-30,BHGE,no_shares
2015-09-30,BLK,no_shares
2015-09-30,BLL,no_shares
2015-09-30,BRCM,no_shares
2015-09-30,BXLT,no_shares
2015-09-30,CA,no_shares
2015-09-30,CAM,no_shares
2015-09-30,CBS,no_shares
2015-09-30,CCE,no_shares
2015-09-30,CELG,no_shares
2015-09-30,CHK,no_shares
2015-09-30,CI,no_shares
2015-09-30,CMA,no_shares
2015-09-30,CMCSK,no_shares
2015-09-30,COG,no_shares
2015-09-30,COL,no_shares
2015-09-30,CPGX,no_shares
2015-09-30,CTXS,no_shares
2015-09-30,CVC,no_shares
2015-09-30,DD,no_shares
2015-09-30,DFS,no_shares
2015-09-30,DIS,no_shares
2015-09-30,DISCA,no_shares
2015-09-30,DISCK,no_shares
2015-09-30,DNB,no_shares
2015-09-30,DO,no_shares
2015-09-30,DOW,no_shares
2015-09-30,DXC,no_shares
2015-09-30,EL,no_shares
2015-09-30,EMC,no_shares
2015-09-30,ENDP,no_shares
2015-09-30,ESRX,no_shares
2015-09-30,ESV,no_shares
2015-09-30,ETFC,no_shares
2015-09-30,EXPE,no_shares
2015-09-30,FI,no_shares
2015-09-30,FLIR,no_shares
2015-09-30,FOX,no_shares
2015-09-30,FOXA,no_shares
2015-09-30,FTI,no_shares
2015-09-30,FTR,no_shares
2015-09-30,GAS,no_shares
2015-09-30,GGP,no_shares
2015-09-30,GMCR,no_shares
2015-09-30,GPS,no_shares
2015-09-30,HAR,no_shares
2015-09-30,HBI,no_shares
2015-09-30,HCBK,no_shares
2015-09-30,HCP,no_shares
2015-09-30,HES,no_shares
2015-09-30,HOT,no_shares
2015-09-30,HRL,no_shares
2015-09-30,HRS,no_shares
2015-09-30,IPG,no_shares
2015-09-30,IR,no_shares
2015-09-30,JEC,no_shares
2015-09-30,JNPR,no_shares
2015-09-30,JOY,no_shares
2015-09-30,JWN,no_shares
2015-09-30,K,no_shares
2015-09-30,KORS,no_shares
2015-09-30,KSU,no_shares
2015-09-30,LB,no_shares
2015-09-30,LEN,no_shares
2015-09-30,LLL,no_shares
2015-09-30,LLTC,no_shares
2015-09-30,LM,no_shares
2015-09-30,LVLT,no_shares
2015-09-30,META,no_shares
2015-09-30,MJN,no_shares
2015-09-30,MKC,no_shares
2015-09-30,MMC,no_shares
2015-09-30,MNK,no_shares
2015-09-30,MON,no_shares
2015-09-30,MRO,no_shares
2015-09-30,MYL,no_shares
2015-09-30,NBL,no_shares
2015-09-30,NFX,no_shares
2015-09-30,NLSN,no_shares
2015-09-30,PBCT,no_shares
2015-09-30,PCL,no_shares
2015-09-30,PCP,no_shares
2015-09-30,PDCO,no_shares
2015-09-30,POM,no_shares
2015-09-30,PX,no_shares
2015-09-30,PXD,no_shares
2015-09-30,RAI,no_shares
2015-09-30,RHT,no_shares
2015-09-30,RL,no_shares
2015-09-30,SCG,no_shares
2015-09-30,SE,no_shares
2015-09-30,SEE,no_shares
2015-09-30,SHC,no_shares
2015-09-30,SIAL,no_shares
2015-09-30,SNDK,no_shares
2015-09-30,SNI,no_shares
2015-09-30,SPG,no_shares
2015-09-30,SPLS,no_shares
2015-09-30,SRCL,no_shares
2015-09-30,STI,no_shares
2015-09-30,STJ,no_shares
2015-09-30,STZ,no_shares
2015-09-30,SWN,no_shares
2015-09-30,SYMC,no_shares
2015-09-30,TAP,no_shares
2015-09-30,TE,no_shares
2015-09-30,TGNA,no_shares
2015-09-30,TMK,no_shares
2015-09-30,TSS,no_shares
2015-09-30,TWC,no_shares
2015-09-30,TWX,no_shares
2015-09-30,UAA,no_shares
2015-09-30,UHS,no_shares
2015-09-30,UTX,no_shares
2015-09-30,VIAB,no_shares
2015-09-30,WBA,no_shares
2015-09-30,WFM,no_shares
2015-09-30,WRK,no_shares
2015-09-30,WYND,no_shares
2015-09-30,XEC,no_shares
2015-09-30,XL,no_shares
2015-09-30,XRX,no_shares
2015-12-31,AABA,no_shares
2015-12-31,ABC,no_shares
2015-12-31,ADS,no_shares
2015-12-31,ADT,no_shares
2015-12-31,AET,no_shares
2015-12-31,AGN,no_shares
2015-12-31,ALXN,no_shares
2015-12-31,ANDV,no_shares
2015-12-31,APA,no_shares
2015-12-31,APC,no_shares
2015-12-31,ARG,no_shares
2015-12-31,ARNC,no_shares
2015-12-31,AVGO,no_shares
2015-12-31,BCR,no_shares
2015-12-31,BHGE,no_shares
2015-12-31,BLK,no_shares
2015-12-31,BLL,no_shares
2015-12-31,BRCM,no_shares
2015-12-31,BXLT,no_shares
2015-12-31,CA,no_shares
2015-12-31,CAM,no_shares
2015-12-31,CBS,no_shares
2015-12-31,CCE,no_shares
2015-12-31,CELG,no_shares
2015-12-31,CHK,no_shares
2015-12-31,CI,no_shares
2015-12-31,CMA,no_shares
2015-12-31,COG,no_shares
2015-12-31,COL,no_shares
2015-12-31,CPGX,no_shares
2015-12-31,CSRA,no_shares
2015-12-31,CTXS,no_shares
2015-12-31,CVC,no_shares
2015-12-31,DD,no_shares
2015-12-31,DFS,no_shares
2015-12-31,DIS,no_shares
2015-12-31,DISCA,no_shares
2015-12-31,DISCK,no_shares
2015-12-31,DNB,no_shares
2015-12-31,DO,no_shares
2015-12-31,DOW,no_shares
2015-12-31,EL,no_shares
2015-12-31,EMC,no_shares
2015-12-31,ENDP,no_shares
2015-12-31,ESRX,no_shares
2015-12-31,ESV,no_shares
2015-12-31,ETFC,no_shares
2015-12-31,EXPE,no_shares
2015-12-31,FI,no_shares
2015-12-31,FLIR,no_shares
2015-12-31,FOX,no_shares
2015-12-31,FOXA,no_shares
2015-12-31,FTI,no_shares
2015-12-31,FTR,no_shares
2015-12-31,GAS,no_shares
2015-12-31,GGP,no_shares
2015-12-31,GMCR,no_shares
2015-12-31,GPS,no_shares
2015-12-31,HAR,no_shares
2015-12-31,HBI,no_shares
2015-12-31,HCP,no_shares
2015-12-31,HES,no_shares
2015-12-31,HOT,no_shares
2015-12-31,HRL,no_shares
2015-12-31,HRS,no_shares
2015-12-31,IPG,no_shares
2015-12-31,IR,no_shares
2015-12-31,JEC,no_shares
2015-12-31,JNPR,no_shares
2015-12-31,JWN,no_shares
2015-12-31,K,no_shares
2015-12-31,KORS,no_shares
2015-12-31,KSU,no_shares
2015-12-31,LB,no_shares
2015-12-31,LEN,no_shares
2015-12-31,LLL,no_shares
2015-12-31,LLTC,no_shares
2015-12-31,LM,no_shares
2015-12-31,LVLT,no_shares
2015-12-31,META,no_shares
2015-12-31,MJN,no_shares
2015-12-31,MKC,no_shares
2015-12-31,MMC,no_shares
2015-12-31,MNK,no_shares
2015-12-31,MON,no_shares
2015-12-31,MRO,no_shares
2015-12-31,MYL,no_shares
2015-12-31,NBL,no_shares
2015-12-31,NFX,no_shares
2015-12-31,NLSN,no_shares
2015-12-31,PBCT,no_shares
2015-12-31,PCL,no_shares
2015-12-31,PCP,no_shares
2015-12-31,PDCO,no_shares
2015-12-31,POM,no_shares
2015-12-31,PX,no_shares
2015-12-31,PXD,no_shares
2015-12-31,RAI,no_shares
2015-12-31,RHT,no_shares
2015-12-31,RL,no_shares
2015-12-31,SCG,no_shares
2015-12-31,SE,no_shares
2015-12-31,SEE,no_shares
2015-12-31,SHC,no_shares
2015-12-31,SNDK,no_shares
2015-12-31,SNI,no_shares
2015-12-31,SPG,no_shares
2015-12-31,SPLS,no_shares
2015-12-31,SRCL,no_shares
2015-12-31,STI,no_shares
2015-12-31,STJ,no_shares
2015-12-31,STZ,no_shares
2015-12-31,SWN,no_shares
2015-12-31,SYMC,no_shares
2015-12-31,TAP,no_shares
2015-12-31,TE,no_shares
2015-12-31,TGNA,no_shares
2015-12-31,TMK,no_shares
2015-12-31,TSS,no_shares
2015-12-31,TWC,no_shares
2015-12-31,TWX,no_shares
2015-12-31,UAA,no_shares
2015-12-31,UHS,no_shares
2015-12-31,UTX,no_shares
2015-12-31,VIAB,no_shares
2015-12-31,WBA,no_shares
2015-12-31,WFM,no_shares
2015-12-31,WRK,no_shares
2015-12-31,WYND,no_shares
2015-12-31,XEC,no_shares
2015-12-31,XL,no_shares
2015-12-31,XRX,no_shares
2016-03-31,AABA,no_shares
2016-03-31,ABC,no_shares
2016-03-31,ADS,no_shares
2016-03-31,ADT,no_shares
2016-03-31,AET,no_shares
2016-03-31,AGN,no_shares
2016-03-31,ALXN,no_shares
2016-03-31,ANDV,no_shares
2016-03-31,APA,no_shares
2016-03-31,APC,no_shares
2016-03-31,ARG,no_shares
2016-03-31,ARNC,no_shares
2016-03-31,BCR,no_shares
2016-03-31,BHGE,no_shares
2016-03-31,BLK,no_shares
2016-03-31,BLL,no_shares
2016-03-31,BXLT,no_shares
2016-03-31,CA,no_shares
2016-03-31,CAM,no_shares
2016-03-31,CBS,no_shares
2016-03-31,CCE,no_shares
2016-03-31,CCEP,no_shares
2016-03-31,CELG,no_shares
2016-03-31,CHK,no_shares
2016-03-31,CI,no_shares
2016-03-31,CMA,no_shares
2016-03-31,COG,no_shares
2016-03-31,COL,no_shares
2016-03-31,CPGX,no_shares
2016-03-31,CSRA,no_shares
2016-03-31,CTXS,no_shares
2016-03-31,CVC,no_shares
2016-03-31,CXO,no_shares
2016-03-31,DD,no_shares
2016-03-31,DFS,no_shares
2016-03-31,DIS,no_shares
2016-03-31,DISCA,no_shares
2016-03-31,DISCK,no_shares
2016-03-31,DNB,no_shares
2016-03-31,DO,no_shares
2016-03-31,DOW,no_shares
2016-03-31,EL,no_shares
2016-03-31,EMC,no_shares
2016-03-31,ENDP,no_shares
2016-03-31,ESRX,no_shares
2016-03-31,ETFC,no_shares
2016-03-31,EXPE,no_shares
2016-03-31,FI,no_shares
2016-03-31,FLIR,no_shares
2016-03-31,FOX,no_shares
2016-03-31,FOXA,no_shares
2016-03-31,FTI,no_shares
2016-03-31,FTR,no_shares
2016-03-31,GAS,no_shares
2016-03-31,GGP,no_shares
2016-03-31,GPS,no_shares
2016-03-31,HAR,no_shares
2016-03-31,HBI,no_shares
2016-03-31,HCP,no_shares
2016-03-31,HES,no_shares
2016-03-31,HOLX,no_shares
2016-03-31,HOT,no_shares
2016-03-31,HRL,no_shares
2016-03-31,HRS,no_shares
2016-03-31,IPG,no_shares
2016-03-31,IR,no_shares
2016-03-31,JEC,no_shares
2016-03-31,JNPR,no_shares
2016-03-31,JWN,no_shares
2016-03-31,K,no_shares
2016-03-31,KORS,no_shares
2016-03-31,KSU,no_shares
2016-03-31,LB,no_shares
2016-03-31,LEN,no_shares
2016-03-31,LLL,no_shares
2016-03-31,LLTC,no_shares
2016-03-31,LM,no_shares
2016-03-31,LVLT,no_shares
2016-03-31,META,no_shares
2016-03-31,MJN,no_shares
2016-03-31,MKC,no_shares
2016-03-31,MMC,no_shares
2016-03-31,MNK,no_shares
2016-03-31,MON,no_shares
2016-03-31,MRO,no_shares
2016-03-31,MYL,no_shares
2016-03-31,NBL,no_shares
2016-03-31,NFX,no_shares
2016-03-31,NLSN,no_shares
2016-03-31,PBCT,no_shares
2016-03-31,PDCO,no_shares
2016-03-31,PX,no_shares
2016-03-31,PXD,no_shares
2016-03-31,RAI,no_shares
2016-03-31,RHT,no_shares
2016-03-31,RL,no_shares
2016-03-31,SCG,no_shares
2016-03-31,SE,no_shares
2016-03-31,SEE,no_shares
2016-03-31,SHC,no_shares
2016-03-31,SNDK,no_shares
2016-03-31,SNI,no_shares
2016-03-31,SPG,no_shares
2016-03-31,SPLS,no_shares
2016-03-31,SRCL,no_shares
2016-03-31,STI,no_shares
2016-03-31,STJ,no_shares
2016-03-31,STZ,no_shares
2016-03-31,SWN,no_shares
2016-03-31,SYMC,no_shares
2016-03-31,TAP,no_shares
2016-03-31,TE,no_shares
2016-03-31,TGNA,no_shares
2016-03-31,TMK,no_shares
2016-03-31,TSS,no_shares
2016-03-31,TWC,no_shares
2016-03-31,TWX,no_shares
2016-03-31,UAA,no_shares
2016-03-31,UHS,no_shares
2016-03-31,UTX,no_shares
2016-03-31,VIAB,no_shares
2016-03-31,WBA,no_shares
2016-03-31,WFM,no_shares
2016-03-31,WRK,no_shares
2016-03-31,WYND,no_shares
2016-03-31,XEC,no_shares
2016-03-31,XL,no_shares
2016-03-31,XRX,no_shares
2016-06-30,AABA,no_shares
2016-06-30,ABC,no_shares
2016-06-30,ADS,no_shares
2016-06-30,AET,no_shares
2016-06-30,AGN,no_shares
2016-06-30,ALXN,no_shares
2016-06-30,ANDV,no_shares
2016-06-30,APA,no_shares
2016-06-30,APC,no_shares
2016-06-30,ARNC,no_shares
2016-06-30,BCR,no_shares
2016-06-30,BHGE,no_shares
2016-06-30,BLK,no_shares
2016-06-30,BLL,no_shares
2016-06-30,CA,no_shares
2016-06-30,CBS,no_shares
2016-06-30,CELG,no_shares
2016-06-30,CHK,no_shares
2016-06-30,CI,no_shares
2016-06-30,CMA,no_shares
2016-06-30,COG,no_shares
2016-06-30,COL,no_shares
2016-06-30,CPGX,no_shares
2016-06-30,CSRA,no_shares
2016-06-30,CTXS,no_shares
2016-06-30,CXO,no_shares
2016-06-30,DD,no_shares
2016-06-30,DFS,no_shares
2016-06-30,DIS,no_shares
2016-06-30,DISCA,no_shares
2016-06-30,DISCK,no_shares
2016-06-30,DNB,no_shares
2016-06-30,DO,no_shares
2016-06-30,DOW,no_shares
2016-06-30,EL,no_shares
2016-06-30,EMC,no_shares
2016-06-30,ENDP,no_shares
2016-06-30,ESRX,no_shares
2016-06-30,ETFC,no_shares
2016-06-30,EXPE,no_shares
2016-06-30,FI,no_shares
2016-06-30,FL,no_shares
2016-06-30,FLIR,no_shares
2016-06-30,FOX,no_shares
2016-06-30,FOXA,no_shares
2016-06-30,FTI,no_shares
2016-06-30,FTR,no_shares
2016-06-30,GAS,no_shares
2016-06-30,GGP,no_shares
2016-06-30,GPS,no_shares
2016-06-30,HAR,no_shares
2016-06-30,HBI,no_shares
2016-06-30,HCP,no_shares
2016-06-30,HES,no_shares
2016-06-30,HOLX,no_shares
2016-06-30,HOT,no_shares
2016-06-30,HRL,no_shares
2016-06-30,HRS,no_shares
2016-06-30,IPG,no_shares
2016-06-30,IR,no_shares
2016-06-30,JEC,no_shares
2016-06-30,JNPR,no_shares
2016-06-30,JWN,no_shares
2016-06-30,K,no_shares
2016-06-30,KORS,no_shares
2016-06-30,KSU,no_shares
2016-06-30,LB,no_shares
2016-06-30,LEN,no_shares
2016-06-30,LLL,no_shares
2016-06-30,LLTC,no_shares
2016-06-30,LM,no_shares
2016-06-30,LVLT,no_shares
2016-06-30,META,no_shares
2016-06-30,MJN,no_shares
2016-06-30,MKC,no_shares
2016-06-30,MMC,no_shares
2016-06-30,MNK,no_shares
2016-06-30,MON,no_shares
2016-06-30,MRO,no_shares
2016-06-30,MYL,no_shares
2016-06-30,NBL,no_shares
2016-06-30,NFX,no_shares
2016-06-30,NLSN,no_shares
2016-06-30,PBCT,no_shares
2016-06-30,PDCO,no_shares
2016-06-30,PX,no_shares
2016-06-30,PXD,no_shares
2016-06-30,RAI,no_shares
2016-06-30,RHT,no_shares
2016-06-30,RL,no_shares
2016-06-30,SCG,no_shares
2016-06-30,SE,no_shares
2016-06-30,SEE,no_shares
2016-06-30,SHC,no_shares
2016-06-30,SNI,no_shares
2016-06-30,SPG,no_shares
2016-06-30,SPLS,no_shares
2016-06-30,SRCL,no_shares
2016-06-30,STI,no_shares
2016-06-30,STJ,no_shares
2016-06-30,STZ,no_shares
2016-06-30,SWN,no_shares
2016-06-30,SYMC,no_shares
2016-06-30,TAP,no_shares
2016-06-30,TE,no_shares
2016-06-30,TGNA,no_shares
2016-06-30,TMK,no_shares
2016-06-30,TSS,no_shares
2016-06-30,TWX,no_shares
2016-06-30,UA,no_shares
2016-06-30,UAA,no_shares
2016-06-30,UHS,no_shares
2016-06-30,UTX,no_shares
2016-06-30,VIAB,no_shares
2016-06-30,WBA,no_shares
2016-06-30,WFM,no_shares
2016-06-30,WRK,no_shares
2016-06-30,WYND,no_shares
2016-06-30,XEC,no_shares
2016-06-30,XL,no_shares
2016-06-30,XRX,no_shares
2016-09-30,AABA,no_shares
2016-09-30,ABC,no_shares
2016-09-30,ADS,no_shares
2016-09-30,AET,no_shares
2016-09-30,AGN,no_shares
2016-09-30,ALXN,no_shares
2016-09-30,ANDV,no_shares
2016-09-30,APA,no_shares
2016-09-30,APC,no_shares
2016-09-30,ARNC,no_shares
2016-09-30,BCR,no_shares
2016-09-30,BHGE,no_shares
2016-09-30,BLK,no_shares
2016-09-30,BLL,no_shares
2016-09-30,CA,no_shares
2016-09-30,CBS,no_shares
2016-09-30,CELG,no_shares
2016-09-30,CHK,no_shares
2016-09-30,CI,no_shares
2016-09-30,CMA,no_shares
2016-09-30,COG,no_shares
2016-09-30,COL,no_shares
2016-09-30,CSRA,no_shares
2016-09-30,CTXS,no_shares
2016-09-30,CXO,no_shares
2016-09-30,DD,no_shares
2016-09-30,DFS,no_shares
2016-09-30,DIS,no_shares
2016-09-30,DISCA,no_shares
2016-09-30,DISCK,no_shares
2016-09-30,DNB,no_shares
2016-09-30,DO,no_shares
2016-09-30,DOW,no_shares
2016-09-30,EL,no_shares
2016-09-30,ENDP,no_shares
2016-09-30,ESRX,no_shares
2016-09-30,ETFC,no_shares
2016-09-30,EXPE,no_shares
2016-09-30,FI,no_shares
2016-09-30,FL,no_shares
2016-09-30,FLIR,no_shares
2016-09-30,FOX,no_shares
2016-09-30,FOXA,no_shares
2016-09-30,FTI,no_shares
2016-09-30,FTR,no_shares
2016-09-30,GGP,no_shares
2016-09-30,GPS,no_shares
2016-09-30,HAR,no_shares
2016-09-30,HBI,no_shares
2016-09-30,HCP,no_shares
2016-09-30,HES,no_shares
2016-09-30,HOLX,no_shares
2016-09-30,HRL,no_shares
2016-09-30,HRS,no_shares
2016-09-30,IPG,no_shares
2016-09-30,IR,no_shares
2016-09-30,JEC,no_shares
2016-09-30,JNPR,no_shares
2016-09-30,JWN,no_shares
2016-09-30,K,no_shares
2016-09-30,KORS,no_shares
2016-09-30,KSU,no_shares
2016-09-30,LB,no_shares
2016-09-30,LEN,no_shares
2016-09-30,LLL,no_shares
2016-09-30,LLTC,no_shares
2016-09-30,LM,no_shares
2016-09-30,LVLT,no_shares
2016-09-30,META,no_shares
2016-09-30,MJN,no_shares
2016-09-30,MKC,no_shares
2016-09-30,MMC,no_shares
2016-09-30,MNK,no_shares
2016-09-30,MON,no_shares
2016-09-30,MRO,no_shares
2016-09-30,MYL,no_shares
2016-09-30,NBL,no_shares
2016-09-30,NFX,no_shares
2016-09-30,NLSN,no_shares
2016-09-30,PBCT,no_shares
2016-09-30,PDCO,no_shares
2016-09-30,PX,no_shares
2016-09-30,PXD,no_shares
2016-09-30,RAI,no_shares
2016-09-30,RHT,no_shares
2016-09-30,RL,no_shares
2016-09-30,SCG,no_shares
2016-09-30,SE,no_shares
2016-09-30,SEE,no_shares
2016-09-30,SHC,no_shares
2016-09-30,SNI,no_shares
2016-09-30,SPG,no_shares
2016-09-30,SPLS,no_shares
2016-09-30,SRCL,no_shares
2016-09-30,STI,no_shares
2016-09-30,STJ,no_shares
2016-09-30,STZ,no_shares
2016-09-30,SWN,no_shares
2016-09-30,SYMC,no_shares
2016-09-30,TAP,no_shares
2016-09-30,TGNA,no_shares
2016-09-30,TMK,no_shares
2016-09-30,TSS,no_shares
2016-09-30,TWX,no_shares
2016-09-30,UA,no_shares
2016-09-30,UAA,no_shares
2016-09-30,UHS,no_shares
2016-09-30,UTX,no_shares
2016-09-30,VIAB,no_shares
2016-09-30,WBA,no_shares
2016-09-30,WFM,no_shares
2016-09-30,WRK,no_shares
2016-09-30,WYND,no_shares
2016-09-30,XEC,no_shares
2016-09-30,XL,no_shares
2016-09-30,XRX,no_shares
2016-12-30,AABA,no_shares
2016-12-30,ABC,no_shares
2016-12-30,ADS,no_shares
2016-12-30,AET,no_shares
2016-12-30,AGN,no_shares
2016-12-30,ALXN,no_shares
2016-12-30,ANDV,no_shares
2016-12-30,APA,no_shares
2016-12-30,APC,no_shares
2016-12-30,ARNC,no_shares
2016-12-30,BCR,no_shares
2016-12-30,BHGE,no_shares
2016-12-30,BLK,no_shares
2016-12-30,BLL,no_shares
2016-12-30,CA,no_shares
2016-12-30,CBS,no_shares
2016-12-30,CELG,no_shares
2016-12-30,CHK,no_shares
2016-12-30,CI,no_shares
2016-12-30,CMA,no_shares
2016-12-30,COG,no_shares
2016-12-30,COL,no_shares
2016-12-30,CSRA,no_shares
2016-12-30,CTXS,no_shares
2016-12-30,CXO,no_shares
2016-12-30,DD,no_shares
2016-12-30,DFS,no_shares
2016-12-30,DIS,no_shares
2016-12-30,DISCA,no_shares
2016-12-30,DISCK,no_shares
2016-12-30,DNB,no_shares
2016-12-30,DOW,no_shares
2016-12-30,EL,no_shares
2016-12-30,ENDP,no_shares
2016-12-30,ESRX,no_shares
2016-12-30,ETFC,no_shares
2016-12-30,EVHC,no_shares
2016-12-30,EXPE,no_shares
2016-12-30,FI,no_shares
2016-12-30,FL,no_shares
2016-12-30,FLIR,no_shares
2016-12-30,FOX,no_shares
2016-12-30,FOXA,no_shares
2016-12-30,FTI,no_shares
2016-12-30,FTR,no_shares
2016-12-30,GGP,no_shares
2016-12-30,GPS,no_shares
2016-12-30,HAR,no_shares
2016-12-30,HBI,no_shares
2016-12-30,HCP,no_shares
2016-12-30,HES,no_shares
2016-12-30,HOLX,no_shares
2016-12-30,HRL,no_shares
2016-12-30,HRS,no_shares
2016-12-30,IPG,no_shares
2016-12-30,IR,no_shares
2016-12-30,JEC,no_shares
2016-12-30,JNPR,no_shares
2016-12-30,JWN,no_shares
2016-12-30,K,no_shares
2016-12-30,KORS,no_shares
2016-12-30,KSU,no_shares
2016-12-30,LB,no_shares
2016-12-30,LEN,no_shares
2016-12-30,LLL,no_shares
2016-12-30,LLTC,no_shares
2016-12-30,LVLT,no_shares
2016-12-30,META,no_shares
2016-12-30,MJN,no_shares
2016-12-30,MKC,no_shares
2016-12-30,MMC,no_shares
2016-12-30,MNK,no_shares
2016-12-30,MON,no_shares
2016-12-30,MRO,no_shares
2016-12-30,MYL,no_shares
2016-12-30,NBL,no_shares
2016-12-30,NFX,no_shares
2016-12-30,NLSN,no_shares
2016-12-30,PBCT,no_shares
2016-12-30,PDCO,no_shares
2016-12-30,PX,no_shares
2016-12-30,PXD,no_shares
2016-12-30,RAI,no_shares
2016-12-30,RHT,no_shares
2016-12-30,RL,no_shares
2016-12-30,SCG,no_shares
2016-12-30,SE,no_shares
2016-12-30,SEE,no_shares
2016-12-30,SHC,no_shares
2016-12-30,SNI,no_shares
2016-12-30,SPG,no_shares
2016-12-30,SPLS,no_shares
2016-12-30,SRCL,no_shares
2016-12-30,STI,no_shares
2016-12-30,STJ,no_shares
2016-12-30,STZ,no_shares
2016-12-30,SWN,no_shares
2016-12-30,SYMC,no_shares
2016-12-30,TAP,no_shares
2016-12-30,TGNA,no_shares
2016-12-30,TMK,no_shares
2016-12-30,TSS,no_shares
2016-12-30,TWX,no_shares
2016-12-30,UA,no_shares
2016-12-30,UAA,no_shares
2016-12-30,UHS,no_shares
2016-12-30,UTX,no_shares
2016-12-30,VIAB,no_shares
2016-12-30,WBA,no_shares
2016-12-30,WFM,no_shares
2016-12-30,WRK,no_shares
2016-12-30,WYND,no_shares
2016-12-30,XEC,no_shares
2016-12-30,XL,no_shares
2016-12-30,XRX,no_shares
2017-03-31,AABA,no_shares
2017-03-31,ABC,no_shares
2017-03-31,ADS,no_shares
2017-03-31,AET,no_shares
2017-03-31,AGN,no_shares
2017-03-31,ALXN,no_shares
2017-03-31,ANDV,no_shares
2017-03-31,APA,no_shares
2017-03-31,APC,no_shares
2017-03-31,ARNC,no_shares
2017-03-31,BCR,no_shares
2017-03-31,BHGE,no_shares
2017-03-31,BLK,no_shares
2017-03-31,BLL,no_shares
2017-03-31,CA,no_shares
2017-03-31,CBS,no_shares
2017-03-31,CELG,no_shares
2017-03-31,CHK,no_shares
2017-03-31,CI,no_shares
2017-03-31,CMA,no_shares
2017-03-31,COG,no_shares
2017-03-31,COL,no_shares
2017-03-31,CSRA,no_shares
2017-03-31,CTXS,no_shares
2017-03-31,CXO,no_shares
2017-03-31,DFS,no_shares
2017-03-31,DIS,no_shares
2017-03-31,DISCA,no_shares
2017-03-31,DISCK,no_shares
2017-03-31,DISH,no_shares
2017-03-31,DNB,no_shares
2017-03-31,DOW,no_shares
2017-03-31,EL,no_shares
2017-03-31,ESRX,no_shares
2017-03-31,ETFC,no_shares
2017-03-31,EVHC,no_shares
2017-03-31,EXPE,no_shares
2017-03-31,FI,no_shares
2017-03-31,FL,no_shares
2017-03-31,FLIR,no_shares
2017-03-31,FOX,no_shares
2017-03-31,FOXA,no_shares
2017-03-31,GGP,no_shares
2017-03-31,GPS,no_shares
2017-03-31,HBI,no_shares
2017-03-31,HCP,no_shares
2017-03-31,HES,no_shares
2017-03-31,HOLX,no_shares
2017-03-31,HRL,no_shares
2017-03-31,HRS,no_shares
2017-03-31,IPG,no_shares
2017-03-31,IR,no_price
2017-03-31,JEC,no_shares
2017-03-31,JNPR,no_shares
2017-03-31,JWN,no_shares
2017-03-31,K,no_shares
2017-03-31,KORS,no_shares
2017-03-31,KSU,no_shares
2017-03-31,LB,no_shares
2017-03-31,LEN,no_shares
2017-03-31,LLL,no_shares
2017-03-31,LVLT,no_shares
2017-03-31,META,no_shares
2017-03-31,MJN,no_shares
2017-03-31,MKC,no_shares
2017-03-31,MMC,no_shares
2017-03-31,MNK,no_shares
2017-03-31,MON,no_shares
2017-03-31,MRO,no_shares
2017-03-31,MYL,no_shares
2017-03-31,NBL,no_shares
2017-03-31,NFX,no_shares
2017-03-31,NLSN,no_shares
2017-03-31,PBCT,no_shares
2017-03-31,PDCO,no_shares
2017-03-31,PX,no_shares
2017-03-31,PXD,no_shares
2017-03-31,RAI,no_shares
2017-03-31,RHT,no_shares
2017-03-31,RL,no_shares
2017-03-31,SCG,no_shares
2017-03-31,SEE,no_shares
2017-03-31,SHC,no_shares
2017-03-31,SNI,no_shares
2017-03-31,SPG,no_shares
2017-03-31,SPLS,no_shares
2017-03-31,SRCL,no_shares
2017-03-31,STI,no_shares
2017-03-31,STZ,no_shares
2017-03-31,SWN,no_shares
2017-03-31,SYMC,no_shares
2017-03-31,TAP,no_shares
2017-03-31,TGNA,no_shares
2017-03-31,TMK,no_shares
2017-03-31,TSS,no_shares
2017-03-31,TWX,no_shares
2017-03-31,UA,no_shares
2017-03-31,UAA,no_shares
2017-03-31,UHS,no_shares
2017-03-31,UTX,no_shares
2017-03-31,VIAB,no_shares
2017-03-31,WBA,no_shares
2017-03-31,WFM,no_shares
2017-03-31,WRK,no_shares
2017-03-31,WYND,no_shares
2017-03-31,XEC,no_shares
2017-03-31,XL,no_shares
2017-03-31,XRX,no_shares
2017-06-30,ABC,no_shares
2017-06-30,ADS,no_shares
2017-06-30,AET,no_shares
2017-06-30,AGN,no_shares
2017-06-30,ALXN,no_shares
2017-06-30,ANDV,no_shares
2017-06-30,ANSS,no_shares
2017-06-30,APA,no_shares
2017-06-30,APC,no_shares
2017-06-30,ARNC,no_shares
2017-06-30,BCR,no_shares
2017-06-30,BHGE,no_shares
2017-06-30,BLK,no_shares
2017-06-30,BLL,no_shares
2017-06-30,CA,no_shares
2017-06-30,CBS,no_shares
2017-06-30,CELG,no_shares
2017-06-30,CHK,no_shares
2017-06-30,CI,no_shares
2017-06-30,CMA,no_shares
2017-06-30,COG,no_shares
2017-06-30,COL,no_shares
2017-06-30,CSRA,no_shares
2017-06-30,CTXS,no_shares
2017-06-30,CXO,no_shares
2017-06-30,DFS,no_shares
2017-06-30,DIS,no_shares
2017-06-30,DISCA,no_shares
2017-06-30,DISCK,no_shares
2017-06-30,DISH,no_shares
2017-06-30,DOW,no_shares
2017-06-30,EL,no_shares
2017-06-30,ESRX,no_shares
2017-06-30,ETFC,no_shares
2017-06-30,EVHC,no_shares
2017-06-30,EXPE,no_shares
2017-06-30,FI,no_shares
2017-06-30,FL,no_shares
2017-06-30,FLIR,no_shares
2017-06-30,FOX,no_shares
2017-06-30,FOXA,no_shares
2017-06-30,GGP,no_shares
2017-06-30,GPS,no_shares
2017-06-30,HBI,no_shares
2017-06-30,HCP,no_shares
2017-06-30,HES,no_shares
2017-06-30,HOLX,no_shares
2017-06-30,HRL,no_shares
2017-06-30,HRS,no_shares
2017-06-30,IPG,no_shares
2017-06-30,JEC,no_shares
2017-06-30,JNPR,no_shares
2017-06-30,JWN,no_shares
2017-06-30,K,no_shares
2017-06-30,KORS,no_shares
2017-06-30,KSU,no_shares
2017-06-30,LB,no_shares
2017-06-30,LEN,no_shares
2017-06-30,LLL,no_shares
2017-06-30,LVLT,no_shares
2017-06-30,META,no_shares
2017-06-30,MKC,no_shares
2017-06-30,MMC,no_shares
2017-06-30,MNK,no_shares
2017-06-30,MON,no_shares
2017-06-30,MRO,no_shares
2017-06-30,MYL,no_shares
2017-06-30,NBL,no_shares
2017-06-30,NFX,no_shares
2017-06-30,NLSN,no_shares
2017-06-30,PBCT,no_shares
2017-06-30,PDCO,no_shares
2017-06-30,PX,no_shares
2017-06-30,PXD,no_shares
2017-06-30,RAI,no_shares
2017-06-30,RE,no_shares
2017-06-30,RHT,no_shares
2017-06-30,RL,no_shares
2017-06-30,SCG,no_shares
2017-06-30,SEE,no_shares
2017-06-30,SHC,no_shares
2017-06-30,SNI,no_shares
2017-06-30,SPG,no_shares
2017-06-30,SPLS,no_shares
2017-06-30,SRCL,no_shares
2017-06-30,STI,no_shares
2017-06-30,STZ,no_shares
2017-06-30,SYMC,no_shares
2017-06-30,TAP,no_shares
2017-06-30,TMK,no_shares
2017-06-30,TSS,no_shares
2017-06-30,TWX,no_shares
2017-06-30,UA,no_shares
2017-06-30,UAA,no_shares
2017-06-30,UHS,no_shares
2017-06-30,UTX,no_shares
2017-06-30,VIAB,no_shares
2017-06-30,WBA,no_shares
2017-06-30,WFM,no_shares
2017-06-30,WRK,no_shares
2017-06-30,WYND,no_shares
2017-06-30,XEC,no_shares
2017-06-30,XL,no_shares
2017-06-30,XRX,no_shares
2017-09-29,ABC,no_shares
2017-09-29,ADS,no_shares
2017-09-29,AET,no_shares
2017-09-29,AGN,no_shares
2017-09-29,ALXN,no_shares
2017-09-29,ANDV,no_shares
2017-09-29,ANSS,no_shares
2017-09-29,APA,no_shares
2017-09-29,APC,no_shares
2017-09-29,ARNC,no_shares
2017-09-29,BCR,no_shares
2017-09-29,BHGE,no_shares
2017-09-29,BLK,no_shares
2017-09-29,BLL,no_shares
2017-09-29,CA,no_shares
2017-09-29,CBS,no_shares
2017-09-29,CELG,no_shares
2017-09-29,CHK,no_shares
2017-09-29,CI,no_shares
2017-09-29,CMA,no_shares
2017-09-29,COG,no_shares
2017-09-29,COL,no_shares
2017-09-29,CSRA,no_shares
2017-09-29,CTXS,no_shares
2017-09-29,CXO,no_shares
2017-09-29,DFS,no_shares
2017-09-29,DIS,no_shares
2017-09-29,DISCA,no_shares
2017-09-29,DISCK,no_shares
2017-09-29,DISH,no_shares
2017-09-29,DWDP,no_shares
2017-09-29,EL,no_shares
2017-09-29,ESRX,no_shares
2017-09-29,ETFC,no_shares
2017-09-29,EVHC,no_shares
2017-09-29,EXPE,no_shares
2017-09-29,FI,no_shares
2017-09-29,FL,no_shares
2017-09-29,FLIR,no_shares
2017-09-29,FOX,no_shares
2017-09-29,FOXA,no_shares
2017-09-29,GGP,no_shares
2017-09-29,GPS,no_shares
2017-09-29,HBI,no_shares
2017-09-29,HCP,no_shares
2017-09-29,HES,no_shares
2017-09-29,HOLX,no_shares
2017-09-29,HRL,no_shares
2017-09-29,HRS,no_shares
2017-09-29,IPG,no_shares
2017-09-29,JEC,no_shares
2017-09-29,JNPR,no_shares
2017-09-29,JWN,no_shares
2017-09-29,K,no_shares
2017-09-29,KORS,no_shares
2017-09-29,KSU,no_shares
2017-09-29,LB,no_shares
2017-09-29,LEN,no_shares
2017-09-29,LLL,no_shares
2017-09-29,LVLT,no_shares
2017-09-29,META,no_shares
2017-09-29,MKC,no_shares
2017-09-29,MMC,no_shares
2017-09-29,MON,no_shares
2017-09-29,MRO,no_shares
2017-09-29,MYL,no_shares
2017-09-29,NBL,no_shares
2017-09-29,NFX,no_shares
2017-09-29,NLSN,no_shares
2017-09-29,PBCT,no_shares
2017-09-29,PDCO,no_shares
2017-09-29,PX,no_shares
2017-09-29,PXD,no_shares
2017-09-29,RE,no_shares
2017-09-29,RHT,no_shares
2017-09-29,RL,no_shares
2017-09-29,SCG,no_shares
2017-09-29,SEE,no_shares
2017-09-29,SHC,no_shares
2017-09-29,SNI,no_shares
2017-09-29,SPG,no_shares
2017-09-29,SRCL,no_shares
2017-09-29,STI,no_shares
2017-09-29,STZ,no_shares
2017-09-29,SYMC,no_shares
2017-09-29,TAP,no_shares
2017-09-29,TMK,no_shares
2017-09-29,TSS,no_shares
2017-09-29,TWX,no_shares
2017-09-29,UA,no_shares
2017-09-29,UAA,no_shares
2017-09-29,UHS,no_shares
2017-09-29,UTX,no_shares
2017-09-29,VIAB,no_shares
2017-09-29,WBA,no_shares
2017-09-29,WRK,no_shares
2017-09-29,WYND,no_shares
2017-09-29,XEC,no_shares
2017-09-29,XL,no_shares
2017-09-29,XRX,no_shares
2017-12-29,ABC,no_shares
2017-12-29,ADS,no_shares
2017-12-29,AET,no_shares
2017-12-29,AGN,no_shares
2017-12-29,ALXN,no_shares
2017-12-29,ANDV,no_shares
2017-12-29,ANSS,no_shares
2017-12-29,APA,no_shares
2017-12-29,APC,no_shares
2017-12-29,ARNC,no_shares
2017-12-29,BHGE,no_shares
2017-12-29,BLK,no_shares
2017-12-29,BLL,no_shares
2017-12-29,CA,no_shares
2017-12-29,CBS,no_shares
2017-12-29,CELG,no_shares
2017-12-29,CHK,no_shares
2017-12-29,CI,no_shares
2017-12-29,CMA,no_shares
2017-12-29,COG,no_shares
2017-12-29,COL,no_shares
2017-12-29,CSRA,no_shares
2017-12-29,CTXS,no_shares
2017-12-29,CXO,no_shares
2017-12-29,DFS,no_shares
2017-12-29,DISCA,no_shares
2017-12-29,DISCK,no_shares
2017-12-29,DISH,no_shares
2017-12-29,DWDP,no_shares
2017-12-29,EL,no_shares
2017-12-29,ESRX,no_shares
2017-12-29,ETFC,no_shares
2017-12-29,EVHC,no_shares
2017-12-29,EXPE,no_shares
2017-12-29,FI,no_shares
2017-12-29,FL,no_shares
2017-12-29,FLIR,no_shares
2017-12-29,FOX,no_shares
2017-12-29,FOXA,no_shares
2017-12-29,GGP,no_shares
2017-12-29,GPS,no_shares
2017-12-29,HBI,no_shares
2017-12-29,HCP,no_shares
2017-12-29,HES,no_shares
2017-12-29,HOLX,no_shares
2017-12-29,HRL,no_shares
2017-12-29,HRS,no_shares
2017-12-29,IPG,no_shares
2017-12-29,JEC,no_shares
2017-12-29,JNPR,no_shares
2017-12-29,JWN,no_shares
2017-12-29,K,no_shares
2017-12-29,KORS,no_shares
2017-12-29,KSU,no_shares
2017-12-29,LB,no_shares
2017-12-29,LEN,no_shares
2017-12-29,LLL,no_shares
2017-12-29,META,no_shares
2017-12-29,MKC,no_shares
2017-12-29,MMC,no_shares
2017-12-29,MON,no_shares
2017-12-29,MRO,no_shares
2017-12-29,MYL,no_shares
2017-12-29,NBL,no_shares
2017-12-29,NFX,no_shares
2017-12-29,NLSN,no_shares
2017-12-29,PBCT,no_shares
2017-12-29,PDCO,no_shares
2017-12-29,PX,no_shares
2017-12-29,PXD,no_shares
2017-12-29,RE,no_shares
2017-12-29,RHT,no_shares
2017-12-29,RL,no_shares
2017-12-29,SCG,no_shares
2017-12-29,SEE,no_shares
2017-12-29,SHC,no_shares
2017-12-29,SNI,no_shares
2017-12-29,SPG,no_shares
2017-12-29,SRCL,no_shares
2017-12-29,STI,no_shares
2017-12-29,STZ,no_shares
2017-12-29,SYMC,no_shares
2017-12-29,TAP,no_shares
2017-12-29,TMK,no_shares
2017-12-29,TSS,no_shares
2017-12-29,TWX,no_shares
2017-12-29,UA,no_shares
2017-12-29,UAA,no_shares
2017-12-29,UHS,no_shares
2017-12-29,UTX,no_shares
2017-12-29,VIAB,no_shares
2017-12-29,WBA,no_shares
2017-12-29,WRK,no_shares
2017-12-29,WYND,no_shares
2017-12-29,XEC,no_shares
2017-12-29,XL,no_shares
2017-12-29,XRX,no_shares
2018-03-29,ABC,no_shares
2018-03-29,ADS,no_shares
2018-03-29,AET,no_shares
2018-03-29,AGN,no_shares
2018-03-29,ALXN,no_shares
2018-03-29,ANDV,no_shares
2018-03-29,ANSS,no_shares
2018-03-29,APA,no_shares
2018-03-29,APC,no_shares
2018-03-29,ARNC,no_shares
2018-03-29,BHGE,no_shares
2018-03-29,BLK,no_shares
2018-03-29,BLL,no_shares
2018-03-29,CA,no_shares
2018-03-29,CBS,no_shares
2018-03-29,CELG,no_shares
2018-03-29,CMA,no_shares
2018-03-29,COG,no_shares
2018-03-29,COL,no_shares
2018-03-29,CSRA,no_shares
2018-03-29,CTXS,no_shares
2018-03-29,CXO,no_shares
2018-03-29,DFS,no_shares
2018-03-29,DISCA,no_shares
2018-03-29,DISCK,no_shares
2018-03-29,DISH,no_shares
2018-03-29,DWDP,no_shares
2018-03-29,EL,no_shares
2018-03-29,ESRX,no_shares
2018-03-29,ETFC,no_shares
2018-03-29,EVHC,no_shares
2018-03-29,EXPE,no_shares
2018-03-29,FI,no_shares
2018-03-29,FL,no_shares
2018-03-29,FLIR,no_shares
2018-03-29,FOX,no_shares
2018-03-29,FOXA,no_shares
2018-03-29,GGP,no_shares
2018-03-29,GPS,no_shares
2018-03-29,HBI,no_shares
2018-03-29,HCP,no_shares
2018-03-29,HES,no_shares
2018-03-29,HOLX,no_shares
2018-03-29,HRL,no_shares
2018-03-29,HRS,no_shares
2018-03-29,IPG,no_shares
2018-03-29,JEC,no_shares
2018-03-29,JNPR,no_shares
2018-03-29,JWN,no_shares
2018-03-29,K,no_shares
2018-03-29,KORS,no_shares
2018-03-29,KSU,no_shares
2018-03-29,LB,no_shares
2018-03-29,LEN,no_shares
2018-03-29,LLL,no_shares
2018-03-29,META,no_shares
2018-03-29,MKC,no_shares
2018-03-29,MMC,no_shares
2018-03-29,MON,no_shares
2018-03-29,MRO,no_shares
2018-03-29,MYL,no_shares
2018-03-29,NBL,no_shares
2018-03-29,NFX,no_shares
2018-03-29,NLSN,no_shares
2018-03-29,PBCT,no_shares
2018-03-29,PX,no_shares
2018-03-29,PXD,no_shares
2018-03-29,RE,no_shares
2018-03-29,RHT,no_shares
2018-03-29,RL,no_shares
2018-03-29,SCG,no_shares
2018-03-29,SEE,no_shares
2018-03-29,SHC,no_shares
2018-03-29,SIVBQ,no_shares
2018-03-29,SPG,no_shares
2018-03-29,SRCL,no_shares
2018-03-29,STI,no_shares
2018-03-29,STZ,no_shares
2018-03-29,SYMC,no_shares
2018-03-29,TAP,no_shares
2018-03-29,TMK,no_shares
2018-03-29,TSS,no_shares
2018-03-29,TWX,no_shares
2018-03-29,UA,no_shares
2018-03-29,UAA,no_shares
2018-03-29,UHS,no_shares
2018-03-29,UTX,no_shares
2018-03-29,VIAB,no_shares
2018-03-29,WBA,no_shares
2018-03-29,WRK,no_shares
2018-03-29,WYND,no_shares
2018-03-29,XEC,no_shares
2018-03-29,XL,no_shares
2018-03-29,XRX,no_shares
2018-06-29,ABC,no_shares
2018-06-29,ABMD,no_shares
2018-06-29,ADS,no_shares
2018-06-29,AET,no_shares
2018-06-29,AGN,no_shares
2018-06-29,ALXN,no_shares
2018-06-29,ANDV,no_shares
2018-06-29,ANSS,no_shares
2018-06-29,APA,no_shares
2018-06-29,APC,no_shares
2018-06-29,ARNC,no_shares
2018-06-29,BHGE,no_shares
2018-06-29,BLK,no_shares
2018-06-29,BLL,no_shares
2018-06-29,CA,no_shares
2018-06-29,CBS,no_shares
2018-06-29,CELG,no_shares
2018-06-29,CMA,no_shares
2018-06-29,COG,no_shares
2018-06-29,COL,no_shares
2018-06-29,CTXS,no_shares
2018-06-29,CXO,no_shares
2018-06-29,DFS,no_shares
2018-06-29,DISCA,no_shares
2018-06-29,DISCK,no_shares
2018-06-29,DISH,no_shares
2018-06-29,DWDP,no_shares
2018-06-29,EL,no_shares
2018-06-29,ESRX,no_shares
2018-06-29,ETFC,no_shares
2018-06-29,EVHC,no_shares
2018-06-29,EXPE,no_shares
2018-06-29,FI,no_shares
2018-06-29,FL,no_shares
2018-06-29,FLIR,no_shares
2018-06-29,FLT,no_shares
2018-06-29,FOX,no_shares
2018-06-29,FOXA,no_shares
2018-06-29,GGP,no_shares
2018-06-29,GPS,no_shares
2018-06-29,HBI,no_shares
2018-06-29,HCP,no_shares
2018-06-29,HES,no_shares
2018-06-29,HFC,no_shares
2018-06-29,HOLX,no_shares
2018-06-29,HRL,no_shares
2018-06-29,HRS,no_shares
2018-06-29,IPG,no_shares
2018-06-29,JEC,no_shares
2018-06-29,JNPR,no_shares
2018-06-29,JWN,no_shares
2018-06-29,K,no_shares
2018-06-29,KORS,no_shares
2018-06-29,KSU,no_shares
2018-06-29,LB,no_shares
2018-06-29,LEN,no_shares
2018-06-29,LLL,no_shares
2018-06-29,META,no_shares
2018-06-29,MKC,no_shares
2018-06-29,MMC,no_shares
2018-06-29,MRO,no_shares
2018-06-29,MYL,no_shares
2018-06-29,NBL,no_shares
2018-06-29,NFX,no_shares
2018-06-29,NLSN,no_shares
2018-06-29,PBCT,no_shares
2018-06-29,PX,no_shares
2018-06-29,PXD,no_shares
2018-06-29,RE,no_shares
2018-06-29,RHT,no_shares
2018-06-29,RL,no_shares
2018-06-29,SCG,no_shares
2018-06-29,SEE,no_shares
2018-06-29,SHC,no_shares
2018-06-29,SIVBQ,no_shares
2018-06-29,SPG,no_shares
2018-06-29,SRCL,no_shares
2018-06-29,STI,no_shares
2018-06-29,STZ,no_shares
2018-06-29,SYMC,no_shares
2018-06-29,TAP,no_shares
2018-06-29,TMK,no_shares
2018-06-29,TSS,no_shares
2018-06-29,UA,no_shares
2018-06-29,UAA,no_shares
2018-06-29,UHS,no_shares
2018-06-29,UTX,no_shares
2018-06-29,VIAB,no_shares
2018-06-29,WBA,no_shares
2018-06-29,WRK,no_shares
2018-06-29,XEC,no_shares
2018-06-29,XL,no_shares
2018-06-29,XRX,no_shares
2018-09-28,ABC,no_shares
2018-09-28,ABMD,no_shares
2018-09-28,ADS,no_shares
2018-09-28,AET,no_shares
2018-09-28,AGN,no_shares
2018-09-28,ALXN,no_shares
2018-09-28,ANDV,no_shares
2018-09-28,ANSS,no_shares
2018-09-28,APA,no_shares
2018-09-28,APC,no_shares
2018-09-28,ARNC,no_shares
2018-09-28,BHGE,no_shares
2018-09-28,BLK,no_shares
2018-09-28,BLL,no_shares
2018-09-28,CA,no_shares
2018-09-28,CBS,no_shares
2018-09-28,CELG,no_shares
2018-09-28,CMA,no_shares
2018-09-28,COG,no_shares
2018-09-28,COL,no_shares
2018-09-28,CTXS,no_shares
2018-09-28,CXO,no_shares
2018-09-28,DFS,no_shares
2018-09-28,DISCA,no_shares
2018-09-28,DISCK,no_shares
2018-09-28,DISH,no_shares
2018-09-28,DWDP,no_shares
2018-09-28,EL,no_shares
2018-09-28,ESRX,no_shares
2018-09-28,ETFC,no_shares
2018-09-28,EVHC,no_shares
2018-09-28,EXPE,no_shares
2018-09-28,FI,no_shares
2018-09-28,FL,no_shares
2018-09-28,FLIR,no_shares
2018-09-28,FLT,no_shares
2018-09-28,FOX,no_shares
2018-09-28,FOXA,no_shares
2018-09-28,GPS,no_shares
2018-09-28,HBI,no_shares
2018-09-28,HCP,no_shares
2018-09-28,HES,no_shares
2018-09-28,HFC,no_shares
2018-09-28,HOLX,no_shares
2018-09-28,HRL,no_shares
2018-09-28,HRS,no_shares
2018-09-28,IPG,no_shares
2018-09-28,JEC,no_shares
2018-09-28,JNPR,no_shares
2018-09-28,JWN,no_shares
2018-09-28,K,no_shares
2018-09-28,KSU,no_shares
2018-09-28,LB,no_shares
2018-09-28,LEN,no_shares
2018-09-28,LLL,no_shares
2018-09-28,META,no_shares
2018-09-28,MKC,no_shares
2018-09-28,MMC,no_shares
2018-09-28,MRO,no_shares
2018-09-28,MYL,no_shares
2018-09-28,NBL,no_shares
2018-09-28,NFX,no_shares
2018-09-28,NLSN,no_shares
2018-09-28,PBCT,no_shares
2018-09-28,PX,no_shares
2018-09-28,PXD,no_shares
2018-09-28,RE,no_shares
2018-09-28,RHT,no_shares
2018-09-28,RL,no_shares
2018-09-28,SCG,no_shares
2018-09-28,SEE,no_shares
2018-09-28,SHC,no_shares
2018-09-28,SIVBQ,no_shares
2018-09-28,SPG,no_shares
2018-09-28,SRCL,no_shares
2018-09-28,STI,no_shares
2018-09-28,STZ,no_shares
2018-09-28,SYMC,no_shares
2018-09-28,TAP,no_shares
2018-09-28,TMK,no_shares
2018-09-28,TSS,no_shares
2018-09-28,UA,no_shares
2018-09-28,UAA,no_shares
2018-09-28,UHS,no_shares
2018-09-28,UTX,no_shares
2018-09-28,VIAB,no_shares
2018-09-28,WBA,no_shares
2018-09-28,WCG,no_shares
2018-09-28,WRK,no_shares
2018-09-28,XEC,no_shares
2018-09-28,XRX,no_shares
2018-12-31,ABC,no_shares
2018-12-31,ABMD,no_shares
2018-12-31,ADS,no_shares
2018-12-31,AGN,no_shares
2018-12-31,ALXN,no_shares
2018-12-31,ANSS,no_shares
2018-12-31,APC,no_shares
2018-12-31,ARNC,no_shares
2018-12-31,BHGE,no_shares
2018-12-31,BLK,no_shares
2018-12-31,BLL,no_shares
2018-12-31,CBS,no_shares
2018-12-31,CELG,no_shares
2018-12-31,CMA,no_shares
2018-12-31,COG,no_shares
2018-12-31,CTXS,no_shares
2018-12-31,CXO,no_shares
2018-12-31,DFS,no_shares
2018-12-31,DISCA,no_shares
2018-12-31,DISCK,no_shares
2018-12-31,DISH,no_shares
2018-12-31,DWDP,no_shares
2018-12-31,EL,no_shares
2018-12-31,ETFC,no_shares
2018-12-31,EXPE,no_shares
2018-12-31,FI,no_shares
2018-12-31,FL,no_shares
2018-12-31,FLIR,no_shares
2018-12-31,FLT,no_shares
2018-12-31,FOX,no_shares
2018-12-31,FOXA,no_shares
2018-12-31,GPS,no_shares
2018-12-31,HBI,no_shares
2018-12-31,HCP,no_shares
2018-12-31,HES,no_shares
2018-12-31,HFC,no_shares
2018-12-31,HOLX,no_shares
2018-12-31,HRL,no_shares
2018-12-31,HRS,no_shares
2018-12-31,IPG,no_shares
2018-12-31,JEC,no_shares
2018-12-31,JNPR,no_shares
2018-12-31,JWN,no_shares
2018-12-31,K,no_shares
2018-12-31,KSU,no_shares
2018-12-31,LB,no_shares
2018-12-31,LEN,no_shares
2018-12-31,LLL,no_shares
2018-12-31,META,no_shares
2018-12-31,MKC,no_shares
2018-12-31,MMC,no_shares
2018-12-31,MRO,no_shares
2018-12-31,MXIM,no_shares
2018-12-31,MYL,no_shares
2018-12-31,NBL,no_shares
2018-12-31,NFX,no_shares
2018-12-31,NLSN,no_shares
2018-12-31,PBCT,no_shares
2018-12-31,PXD,no_shares
2018-12-31,RE,no_shares
2018-12-31,RHT,no_shares
2018-12-31,RL,no_shares
2018-12-31,SCG,no_shares
2018-12-31,SEE,no_shares
2018-12-31,SHC,no_shares
2018-12-31,SIVBQ,no_shares
2018-12-31,SPG,no_shares
2018-12-31,STI,no_shares
2018-12-31,STZ,no_shares
2018-12-31,SYMC,no_shares
2018-12-31,TAP,no_shares
2018-12-31,TMK,no_shares
2018-12-31,TSS,no_shares
2018-12-31,UA,no_shares
2018-12-31,UAA,no_shares
2018-12-31,UHS,no_shares
2018-12-31,UTX,no_shares
2018-12-31,VIAB,no_shares
2018-12-31,WBA,no_shares
2018-12-31,WCG,no_shares
2018-12-31,WRK,no_shares
2018-12-31,XEC,no_shares
2019-03-29,ABC,no_shares
2019-03-29,ABMD,no_shares
2019-03-29,ADS,no_shares
2019-03-29,AGN,no_shares
2019-03-29,ALXN,no_shares
2019-03-29,ANSS,no_shares
2019-03-29,APC,no_shares
2019-03-29,ARNC,no_shares
2019-03-29,BHGE,no_shares
2019-03-29,BLK,no_shares
2019-03-29,BLL,no_shares
2019-03-29,CBS,no_shares
2019-03-29,CELG,no_shares
2019-03-29,CMA,no_shares
2019-03-29,COG,no_shares
2019-03-29,CTXS,no_shares
2019-03-29,CXO,no_shares
2019-03-29,DFS,no_shares
2019-03-29,DISCA,no_shares
2019-03-29,DISCK,no_shares
2019-03-29,DISH,no_shares
2019-03-29,DWDP,no_shares
2019-03-29,EL,no_shares
2019-03-29,ETFC,no_shares
2019-03-29,EXPE,no_shares
2019-03-29,FI,no_shares
2019-03-29,FL,no_shares
2019-03-29,FLIR,no_shares
2019-03-29,FLT,no_shares
2019-03-29,FOX,no_shares
2019-03-29,FOXA,no_shares
2019-03-29,FRC,no_shares
2019-03-29,GPS,no_shares
2019-03-29,HBI,no_shares
2019-03-29,HCP,no_shares
2019-03-29,HES,no_shares
2019-03-29,HFC,no_shares
2019-03-29,HOLX,no_shares
2019-03-29,HRL,no_shares
2019-03-29,HRS,no_shares
2019-03-29,IPG,no_shares
2019-03-29,JEC,no_shares
2019-03-29,JNPR,no_shares
2019-03-29,JWN,no_shares
2019-03-29,K,no_shares
2019-03-29,KSU,no_shares
2019-03-29,LB,no_shares
2019-03-29,LEN,no_shares
2019-03-29,LLL,no_shares
2019-03-29,META,no_shares
2019-03-29,MKC,no_shares
2019-03-29,MMC,no_shares
2019-03-29,MRO,no_shares
2019-03-29,MXIM,no_shares
2019-03-29,MYL,no_shares
2019-03-29,NBL,no_shares
2019-03-29,NLSN,no_shares
2019-03-29,PBCT,no_shares
2019-03-29,PXD,no_shares
2019-03-29,RE,no_shares
2019-03-29,RHT,no_shares
2019-03-29,RL,no_shares
2019-03-29,SEE,no_shares
2019-03-29,SHC,no_shares
2019-03-29,SIVBQ,no_shares
2019-03-29,SPG,no_shares
2019-03-29,STI,no_shares
2019-03-29,STZ,no_shares
2019-03-29,SYMC,no_shares
2019-03-29,TAP,no_shares
2019-03-29,TMK,no_shares
2019-03-29,TSS,no_shares
2019-03-29,UA,no_shares
2019-03-29,UAA,no_shares
2019-03-29,UHS,no_shares
2019-03-29,UTX,no_shares
2019-03-29,VIAB,no_shares
2019-03-29,WBA,no_shares
2019-03-29,WCG,no_shares
2019-03-29,WRK,no_shares
2019-03-29,XEC,no_shares
2019-06-28,ABC,no_shares
2019-06-28,ABMD,no_shares
2019-06-28,ADS,no_shares
2019-06-28,AGN,no_shares
2019-06-28,ALXN,no_shares
2019-06-28,AMCR,no_shares
2019-06-28,ANSS,no_shares
2019-06-28,APC,no_shares
2019-06-28,ARNC,no_shares
2019-06-28,BHGE,no_shares
2019-06-28,BLK,no_shares
2019-06-28,BLL,no_shares
2019-06-28,CBS,no_shares
2019-06-28,CELG,no_shares
2019-06-28,CMA,no_shares
2019-06-28,COG,no_shares
2019-06-28,CTXS,no_shares
2019-06-28,CXO,no_shares
2019-06-28,DFS,no_shares
2019-06-28,DISCA,no_shares
2019-06-28,DISCK,no_shares
2019-06-28,DISH,no_shares
2019-06-28,EL,no_shares
2019-06-28,ETFC,no_shares
2019-06-28,EXPE,no_shares
2019-06-28,FI,no_shares
2019-06-28,FL,no_shares
2019-06-28,FLIR,no_shares
2019-06-28,FLT,no_shares
2019-06-28,FOX,no_shares
2019-06-28,FOXA,no_shares
2019-06-28,FRC,no_shares
2019-06-28,GPS,no_shares
2019-06-28,HBI,no_shares
2019-06-28,HCP,no_shares
2019-06-28,HES,no_shares
2019-06-28,HFC,no_shares
2019-06-28,HOLX,no_shares
2019-06-28,HRL,no_shares
2019-06-28,IPG,no_shares
2019-06-28,JEC,no_shares
2019-06-28,JNPR,no_shares
2019-06-28,JWN,no_shares
2019-06-28,K,no_shares
2019-06-28,KSU,no_shares
2019-06-28,LB,no_shares
2019-06-28,LEN,no_shares
2019-06-28,LLL,no_shares
2019-06-28,META,no_shares
2019-06-28,MKC,no_shares
2019-06-28,MMC,no_shares
2019-06-28,MRO,no_shares
2019-06-28,MXIM,no_shares
2019-06-28,MYL,no_shares
2019-06-28,NBL,no_shares
2019-06-28,NLSN,no_shares
2019-06-28,PBCT,no_shares
2019-06-28,PXD,no_shares
2019-06-28,RE,no_shares
2019-06-28,RHT,no_shares
2019-06-28,RL,no_shares
2019-06-28,SEE,no_shares
2019-06-28,SHC,no_shares
2019-06-28,SIVBQ,no_shares
2019-06-28,SPG,no_shares
2019-06-28,STI,no_shares
2019-06-28,STZ,no_shares
2019-06-28,SYMC,no_shares
2019-06-28,TAP,no_shares
2019-06-28,TMK,no_shares
2019-06-28,TSS,no_shares
2019-06-28,UA,no_shares
2019-06-28,UAA,no_shares
2019-06-28,UHS,no_shares
2019-06-28,UTX,no_shares
2019-06-28,VIAB,no_shares
2019-06-28,WBA,no_shares
2019-06-28,WCG,no_shares
2019-06-28,WRK,no_shares
2019-06-28,XEC,no_shares
2019-09-30,ABC,no_shares
2019-09-30,ABMD,no_shares
2019-09-30,ADS,no_shares
2019-09-30,AGN,no_shares
2019-09-30,ALXN,no_shares
2019-09-30,ANSS,no_shares
2019-09-30,ARNC,no_shares
2019-09-30,BHGE,no_shares
2019-09-30,BLK,no_shares
2019-09-30,BLL,no_shares
2019-09-30,CBS,no_shares
2019-09-30,CELG,no_shares
2019-09-30,CMA,no_shares
2019-09-30,COG,no_shares
2019-09-30,CTXS,no_shares
2019-09-30,CXO,no_shares
2019-09-30,DFS,no_shares
2019-09-30,DISCA,no_shares
2019-09-30,DISCK,no_shares
2019-09-30,DISH,no_shares
2019-09-30,EL,no_shares
2019-09-30,ETFC,no_shares
2019-09-30,FI,no_shares
2019-09-30,FLIR,no_shares
2019-09-30,FLT,no_shares
2019-09-30,FOX,no_shares
2019-09-30,FOXA,no_shares
2019-09-30,FRC,no_shares
2019-09-30,GPS,no_shares
2019-09-30,HBI,no_shares
2019-09-30,HCP,no_shares
2019-09-30,HES,no_shares
2019-09-30,HFC,no_shares
2019-09-30,HOLX,no_shares
2019-09-30,HRL,no_shares
2019-09-30,IPG,no_shares
2019-09-30,JEC,no_shares
2019-09-30,JNPR,no_shares
2019-09-30,JWN,no_shares
2019-09-30,K,no_shares
2019-09-30,KSU,no_shares
2019-09-30,LB,no_shares
2019-09-30,LEN,no_shares
2019-09-30,META,no_shares
2019-09-30,MKC,no_shares
2019-09-30,MMC,no_shares
2019-09-30,MRO,no_shares
2019-09-30,MXIM,no_shares
2019-09-30,MYL,no_shares
2019-09-30,NBL,no_shares
2019-09-30,NLSN,no_shares
2019-09-30,PBCT,no_shares
2019-09-30,PXD,no_shares
2019-09-30,RE,no_shares
2019-09-30,RL,no_shares
2019-09-30,SEE,no_shares
2019-09-30,SHC,no_shares
2019-09-30,SIVBQ,no_shares
2019-09-30,SPG,no_shares
2019-09-30,STI,no_shares
2019-09-30,STZ,no_shares
2019-09-30,SYMC,no_shares
2019-09-30,TAP,no_shares
2019-09-30,UA,no_shares
2019-09-30,UAA,no_shares
2019-09-30,UHS,no_shares
2019-09-30,UTX,no_shares
2019-09-30,VIAB,no_shares
2019-09-30,WBA,no_shares
2019-09-30,WCG,no_shares
2019-09-30,WRK,no_shares
2019-09-30,XEC,no_shares
2019-12-31,ABC,no_shares
2019-12-31,ABMD,no_shares
2019-12-31,ADS,no_shares
2019-12-31,AGN,no_shares
2019-12-31,ALXN,no_shares
2019-12-31,ANSS,no_shares
2019-12-31,ARNC,no_shares
2019-12-31,BKR,no_shares
2019-12-31,BLK,no_shares
2019-12-31,BLL,no_shares
2019-12-31,CMA,no_shares
2019-12-31,COG,no_shares
2019-12-31,CTXS,no_shares
2019-12-31,CXO,no_shares
2019-12-31,DFS,no_shares
2019-12-31,DISCA,no_shares
2019-12-31,DISCK,no_shares
2019-12-31,DISH,no_shares
2019-12-31,EL,no_shares
2019-12-31,ETFC,no_shares
2019-12-31,FI,no_shares
2019-12-31,FLIR,no_shares
2019-12-31,FLT,no_shares
2019-12-31,FOX,no_shares
2019-12-31,FOXA,no_shares
2019-12-31,FRC,no_shares
2019-12-31,GPS,no_shares
2019-12-31,HBI,no_shares
2019-12-31,HES,no_shares
2019-12-31,HFC,no_shares
2019-12-31,HOLX,no_shares
2019-12-31,HRL,no_shares
2019-12-31,IPG,no_shares
2019-12-31,JNPR,no_shares
2019-12-31,JWN,no_shares
2019-12-31,K,no_shares
2019-12-31,KSU,no_shares
2019-12-31,LB,no_shares
2019-12-31,LEN,no_shares
2019-12-31,META,no_shares
2019-12-31,MKC,no_shares
2019-12-31,MMC,no_shares
2019-12-31,MRO,no_shares
2019-12-31,MXIM,no_shares
2019-12-31,MYL,no_shares
2019-12-31,NBL,no_shares
2019-12-31,NLOK,no_shares
2019-12-31,NLSN,no_shares
2019-12-31,PBCT,no_shares
2019-12-31,PEAK,no_shares
2019-12-31,PXD,no_shares
2019-12-31,RE,no_shares
2019-12-31,RL,no_shares
2019-12-31,SEE,no_shares
2019-12-31,SHC,no_shares
2019-12-31,SIVBQ,no_shares
2019-12-31,SPG,no_shares
2019-12-31,STZ,no_shares
2019-12-31,TAP,no_shares
2019-12-31,UA,no_shares
2019-12-31,UAA,no_shares
2019-12-31,UHS,no_shares
2019-12-31,UTX,no_shares
2019-12-31,VIAC,no_shares
2019-12-31,WBA,no_shares
2019-12-31,WCG,no_shares
2019-12-31,WRK,no_shares
2019-12-31,XEC,no_shares
2020-03-31,ABC,no_shares
2020-03-31,ABMD,no_shares
2020-03-31,ADS,no_shares
2020-03-31,AGN,no_shares
2020-03-31,ALXN,no_shares
2020-03-31,ANSS,no_shares
2020-03-31,ARNC,no_shares
2020-03-31,BKR,no_shares
2020-03-31,BLK,no_shares
2020-03-31,BLL,no_shares
2020-03-31,CMA,no_shares
2020-03-31,COG,no_shares
2020-03-31,CTXS,no_shares
2020-03-31,CXO,no_shares
2020-03-31,DFS,no_shares
2020-03-31,DISCA,no_shares
2020-03-31,DISCK,no_shares
2020-03-31,DISH,no_shares
2020-03-31,EL,no_shares
2020-03-31,ETFC,no_shares
2020-03-31,FI,no_shares
2020-03-31,FLIR,no_shares
2020-03-31,FLT,no_shares
2020-03-31,FOX,no_shares
2020-03-31,FOXA,no_shares
2020-03-31,FRC,no_shares
2020-03-31,GPS,no_shares
2020-03-31,HBI,no_shares
2020-03-31,HES,no_shares
2020-03-31,HFC,no_shares
2020-03-31,HOLX,no_shares
2020-03-31,HRL,no_shares
2020-03-31,IPG,no_shares
2020-03-31,JNPR,no_shares
2020-03-31,JWN,no_shares
2020-03-31,K,no_shares
2020-03-31,KSU,no_shares
2020-03-31,LB,no_shares
2020-03-31,LEN,no_shares
2020-03-31,META,no_shares
2020-03-31,MKC,no_shares
2020-03-31,MMC,no_shares
2020-03-31,MRO,no_shares
2020-03-31,MXIM,no_shares
2020-03-31,MYL,no_shares
2020-03-31,NBL,no_shares
2020-03-31,NLOK,no_shares
2020-03-31,NLSN,no_shares
2020-03-31,PBCT,no_shares
2020-03-31,PEAK,no_shares
2020-03-31,PXD,no_shares
2020-03-31,RE,no_shares
2020-03-31,RL,no_shares
2020-03-31,SEE,no_shares
2020-03-31,SHC,no_shares
2020-03-31,SIVBQ,no_shares
2020-03-31,SPG,no_shares
2020-03-31,STZ,no_shares
2020-03-31,TAP,no_shares
2020-03-31,UA,no_shares
2020-03-31,UAA,no_shares
2020-03-31,UHS,no_shares
2020-03-31,UTX,no_shares
2020-03-31,VIAC,no_shares
2020-03-31,WBA,no_shares
2020-03-31,WRK,no_shares
2020-06-30,ABC,no_shares
2020-06-30,ABMD,no_shares
2020-06-30,ALXN,no_shares
2020-06-30,ANSS,no_shares
2020-06-30,BKR,no_shares
2020-06-30,BLK,no_shares
2020-06-30,BLL,no_shares
2020-06-30,CMA,no_shares
2020-06-30,COG,no_shares
2020-06-30,CTXS,no_shares
2020-06-30,CXO,no_shares
2020-06-30,DFS,no_shares
2020-06-30,DISCA,no_shares
2020-06-30,DISCK,no_shares
2020-06-30,DISH,no_shares
2020-06-30,EL,no_shares
2020-06-30,ETFC,no_shares
2020-06-30,FI,no_shares
2020-06-30,FLIR,no_shares
2020-06-30,FLT,no_shares
2020-06-30,FOX,no_shares
2020-06-30,FOXA,no_shares
2020-06-30,FRC,no_shares
2020-06-30,GPS,no_shares
2020-06-30,HBI,no_shares
2020-06-30,HES,no_shares
2020-06-30,HFC,no_shares
2020-06-30,HOLX,no_shares
2020-06-30,HRL,no_shares
2020-06-30,IPG,no_shares
2020-06-30,JNPR,no_shares
2020-06-30,K,no_shares
2020-06-30,KSU,no_shares
2020-06-30,LB,no_shares
2020-06-30,LEN,no_shares
2020-06-30,META,no_shares
2020-06-30,MKC,no_shares
2020-06-30,MMC,no_shares
2020-06-30,MRO,no_shares
2020-06-30,MXIM,no_shares
2020-06-30,MYL,no_shares
2020-06-30,NBL,no_shares
2020-06-30,NLOK,no_shares
2020-06-30,NLSN,no_shares
2020-06-30,PBCT,no_shares
2020-06-30,PEAK,no_shares
2020-06-30,PXD,no_shares
2020-06-30,RE,no_shares
2020-06-30,RL,no_shares
2020-06-30,SEE,no_shares
2020-06-30,SHC,no_shares
2020-06-30,SIVBQ,no_shares
2020-06-30,SPG,no_shares
2020-06-30,STZ,no_shares
2020-06-30,TAP,no_shares
2020-06-30,UA,no_shares
2020-06-30,UAA,no_shares
2020-06-30,UHS,no_shares
2020-06-30,VIAC,no_shares
2020-06-30,WBA,no_shares
2020-06-30,WRK,no_shares
2020-09-30,ABC,no_shares
2020-09-30,ABMD,no_shares
2020-09-30,ALXN,no_shares
2020-09-30,ANSS,no_shares
2020-09-30,BKR,no_shares
2020-09-30,BLK,no_shares
2020-09-30,BLL,no_shares
2020-09-30,CMA,no_shares
2020-09-30,COG,no_shares
2020-09-30,CTLT,no_shares
2020-09-30,CTXS,no_shares
2020-09-30,CXO,no_shares
2020-09-30,DFS,no_shares
2020-09-30,DISCA,no_shares
2020-09-30,DISCK,no_shares
2020-09-30,DISH,no_shares
2020-09-30,EL,no_shares
2020-09-30,ETFC,no_shares
2020-09-30,FI,no_shares
2020-09-30,FLIR,no_shares
2020-09-30,FLT,no_shares
2020-09-30,FOX,no_shares
2020-09-30,FOXA,no_shares
2020-09-30,FRC,no_shares
2020-09-30,GPS,no_shares
2020-09-30,HBI,no_shares
2020-09-30,HES,no_shares
2020-09-30,HFC,no_shares
2020-09-30,HOLX,no_shares
2020-09-30,HRL,no_shares
2020-09-30,IPG,no_shares
2020-09-30,JNPR,no_shares
2020-09-30,K,no_shares
2020-09-30,KSU,no_shares
2020-09-30,LB,no_shares
2020-09-30,LEN,no_shares
2020-09-30,META,no_shares
2020-09-30,MKC,no_shares
2020-09-30,MMC,no_shares
2020-09-30,MRO,no_shares
2020-09-30,MXIM,no_shares
2020-09-30,MYL,no_shares
2020-09-30,NBL,no_shares
2020-09-30,NLOK,no_shares
2020-09-30,NLSN,no_shares
2020-09-30,PBCT,no_shares
2020-09-30,PEAK,no_shares
2020-09-30,PXD,no_shares
2020-09-30,RE,no_shares
2020-09-30,RL,no_shares
2020-09-30,SEE,no_shares
2020-09-30,SHC,no_shares
2020-09-30,SIVBQ,no_shares
2020-09-30,SPG,no_shares
2020-09-30,STZ,no_shares
2020-09-30,TAP,no_shares
2020-09-30,UA,no_shares
2020-09-30,UAA,no_shares
2020-09-30,UHS,no_shares
2020-09-30,VIAC,no_shares
2020-09-30,WBA,no_shares
2020-09-30,WRK,no_shares
2020-12-31,ABC,no_shares
2020-12-31,ABMD,no_shares
2020-12-31,ALXN,no_shares
2020-12-31,ANSS,no_shares
2020-12-31,BKR,no_shares
2020-12-31,BLK,no_shares
2020-12-31,BLL,no_shares
2020-12-31,CMA,no_shares
2020-12-31,COG,no_shares
2020-12-31,CTLT,no_shares
2020-12-31,CTXS,no_shares
2020-12-31,CXO,no_shares
2020-12-31,DFS,no_shares
2020-12-31,DISCA,no_shares
2020-12-31,DISCK,no_shares
2020-12-31,DISH,no_shares
2020-12-31,EL,no_shares
2020-12-31,FI,no_shares
2020-12-31,FLIR,no_shares
2020-12-31,FLT,no_shares
2020-12-31,FOX,no_shares
2020-12-31,FOXA,no_shares
2020-12-31,FRC,no_shares
2020-12-31,GPS,no_shares
2020-12-31,HBI,no_shares
2020-12-31,HES,no_shares
2020-12-31,HFC,no_shares
2020-12-31,HOLX,no_shares
2020-12-31,HRL,no_shares
2020-12-31,IPG,no_shares
2020-12-31,JNPR,no_shares
2020-12-31,K,no_shares
2020-12-31,KSU,no_shares
2020-12-31,LB,no_shares
2020-12-31,LEN,no_shares
2020-12-31,META,no_shares
2020-12-31,MKC,no_shares
2020-12-31,MMC,no_shares
2020-12-31,MRO,no_shares
2020-12-31,MXIM,no_shares
2020-12-31,NLOK,no_shares
2020-12-31,NLSN,no_shares
2020-12-31,PBCT,no_shares
2020-12-31,PEAK,no_shares
2020-12-31,PXD,no_shares
2020-12-31,RE,no_shares
2020-12-31,RL,no_shares
2020-12-31,SEE,no_shares
2020-12-31,SIVBQ,no_shares
2020-12-31,SPG,no_shares
2020-12-31,STZ,no_shares
2020-12-31,TAP,no_shares
2020-12-31,UA,no_shares
2020-12-31,UAA,no_shares
2020-12-31,UHS,no_shares
2020-12-31,VIAC,no_shares
2020-12-31,VTRS,no_shares
2020-12-31,WBA,no_shares
2020-12-31,WRK,no_shares
2021-03-31,ABC,no_shares
2021-03-31,ABMD,no_shares
2021-03-31,ALXN,no_shares
2021-03-31,ANSS,no_shares
2021-03-31,BKR,no_shares
2021-03-31,BLK,no_shares
2021-03-31,BLL,no_shares
2021-03-31,CMA,no_shares
2021-03-31,COG,no_shares
2021-03-31,CTLT,no_shares
2021-03-31,CTXS,no_shares
2021-03-31,DFS,no_shares
2021-03-31,DISCA,no_shares
2021-03-31,DISCK,no_shares
2021-03-31,DISH,no_shares
2021-03-31,EL,no_shares
2021-03-31,FI,no_shares
2021-03-31,FLIR,no_shares
2021-03-31,FLT,no_shares
2021-03-31,FOX,no_shares
2021-03-31,FOXA,no_shares
2021-03-31,FRC,no_shares
2021-03-31,GPS,no_shares
2021-03-31,HBI,no_shares
2021-03-31,HES,no_shares
2021-03-31,HFC,no_shares
2021-03-31,HOLX,no_shares
2021-03-31,HRL,no_shares
2021-03-31,IPG,no_shares
2021-03-31,JNPR,no_shares
2021-03-31,K,no_shares
2021-03-31,KSU,no_shares
2021-03-31,LB,no_shares
2021-03-31,LEN,no_shares
2021-03-31,META,no_shares
2021-03-31,MKC,no_shares
2021-03-31,MMC,no_shares
2021-03-31,MRO,no_shares
2021-03-31,MXIM,no_shares
2021-03-31,NLOK,no_shares
2021-03-31,NLSN,no_shares
2021-03-31,PBCT,no_shares
2021-03-31,PEAK,no_shares
2021-03-31,PXD,no_shares
2021-03-31,RE,no_shares
2021-03-31,RL,no_shares
2021-03-31,SEE,no_shares
2021-03-31,SIVBQ,no_shares
2021-03-31,SPG,no_shares
2021-03-31,STZ,no_shares
2021-03-31,TAP,no_shares
2021-03-31,UA,no_shares
2021-03-31,UAA,no_shares
2021-03-31,UHS,no_shares
2021-03-31,VIAC,no_shares
2021-03-31,WBA,no_shares
2021-03-31,WRK,no_shares
2021-06-30,ABC,no_shares
2021-06-30,ABMD,no_shares
2021-06-30,ALXN,no_shares
2021-06-30,ANSS,no_shares
2021-06-30,BKR,no_shares
2021-06-30,BLK,no_shares
2021-06-30,BLL,no_shares
2021-06-30,CMA,no_shares
2021-06-30,COG,no_shares
2021-06-30,CTLT,no_shares
2021-06-30,CTXS,no_shares
2021-06-30,DFS,no_shares
2021-06-30,DISCA,no_shares
2021-06-30,DISCK,no_shares
2021-06-30,DISH,no_shares
2021-06-30,EL,no_shares
2021-06-30,FI,no_shares
2021-06-30,FLT,no_shares
2021-06-30,FRC,no_shares
2021-06-30,GPS,no_shares
2021-06-30,HBI,no_shares
2021-06-30,HES,no_shares
2021-06-30,HOLX,no_shares
2021-06-30,HRL,no_shares
2021-06-30,IPG,no_shares
2021-06-30,JNPR,no_shares
2021-06-30,K,no_shares
2021-06-30,KSU,no_shares
2021-06-30,LB,no_shares
2021-06-30,LEN,no_shares
2021-06-30,META,no_shares
2021-06-30,MKC,no_shares
2021-06-30,MMC,no_shares
2021-06-30,MRO,no_shares
2021-06-30,MXIM,no_shares
2021-06-30,NLOK,no_shares
2021-06-30,NLSN,no_shares
2021-06-30,PBCT,no_shares
2021-06-30,PEAK,no_shares
2021-06-30,PXD,no_shares
2021-06-30,RE,no_shares
2021-06-30,RL,no_shares
2021-06-30,SEE,no_shares
2021-06-30,SIVBQ,no_shares
2021-06-30,SPG,no_shares
2021-06-30,STZ,no_shares
2021-06-30,TAP,no_shares
2021-06-30,UA,no_shares
2021-06-30,UAA,no_shares
2021-06-30,UHS,no_shares
2021-06-30,VIAC,no_shares
2021-06-30,WBA,no_shares
2021-06-30,WRK,no_shares
2021-09-30,ABC,no_shares
2021-09-30,ABMD,no_shares
2021-09-30,ANSS,no_shares
2021-09-30,BKR,no_shares
2021-09-30,BLK,no_shares
2021-09-30,BLL,no_shares
2021-09-30,CDAY,no_shares
2021-09-30,CMA,no_shares
2021-09-30,COG,no_shares
2021-09-30,CTLT,no_shares
2021-09-30,CTXS,no_shares
2021-09-30,DFS,no_shares
2021-09-30,DISCA,no_shares
2021-09-30,DISCK,no_shares
2021-09-30,DISH,no_shares
2021-09-30,EL,no_shares
2021-09-30,FI,no_shares
2021-09-30,FLT,no_shares
2021-09-30,FRC,no_shares
2021-09-30,GPS,no_shares
2021-09-30,HBI,no_shares
2021-09-30,HES,no_shares
2021-09-30,HOLX,no_shares
2021-09-30,HRL,no_shares
2021-09-30,IPG,no_shares
2021-09-30,JNPR,no_shares
2021-09-30,K,no_shares
2021-09-30,KSU,no_shares
2021-09-30,LEN,no_shares
2021-09-30,META,no_shares
2021-09-30,MKC,no_shares
2021-09-30,MMC,no_shares
2021-09-30,MRO,no_shares
2021-09-30,NLOK,no_shares
2021-09-30,NLSN,no_shares
2021-09-30,PBCT,no_shares
2021-09-30,PEAK,no_shares
2021-09-30,PXD,no_shares
2021-09-30,RE,no_shares
2021-09-30,RL,no_shares
2021-09-30,SEE,no_shares
2021-09-30,SIVBQ,no_shares
2021-09-30,SPG,no_shares
2021-09-30,STZ,no_shares
2021-09-30,TAP,no_shares
2021-09-30,UA,no_shares
2021-09-30,UAA,no_shares
2021-09-30,UHS,no_shares
2021-09-30,VIAC,no_shares
2021-09-30,WBA,no_shares
2021-09-30,WRK,no_shares
2021-12-31,ABC,no_shares
2021-12-31,ABMD,no_shares
2021-12-31,ANSS,no_shares
2021-12-31,BKR,no_shares
2021-12-31,BLK,no_shares
2021-12-31,BLL,no_shares
2021-12-31,CDAY,no_shares
2021-12-31,CMA,no_shares
2021-12-31,CTLT,no_shares
2021-12-31,CTXS,no_shares
2021-12-31,DFS,no_shares
2021-12-31,DISCA,no_shares
2021-12-31,DISCK,no_shares
2021-12-31,DISH,no_shares
2021-12-31,EL,no_shares
2021-12-31,FI,no_shares
2021-12-31,FLT,no_shares
2021-12-31,FRC,no_shares
2021-12-31,GPS,no_shares
2021-12-31,HES,no_shares
2021-12-31,HOLX,no_shares
2021-12-31,HRL,no_shares
2021-12-31,IPG,no_shares
2021-12-31,JNPR,no_shares
2021-12-31,K,no_shares
2021-12-31,LEN,no_shares
2021-12-31,META,no_shares
2021-12-31,MKC,no_shares
2021-12-31,MMC,no_shares
2021-12-31,MRO,no_shares
2021-12-31,NLOK,no_shares
2021-12-31,NLSN,no_shares
2021-12-31,PBCT,no_shares
2021-12-31,PEAK,no_shares
2021-12-31,PXD,no_shares
2021-12-31,RE,no_shares
2021-12-31,RL,no_shares
2021-12-31,SBNY,no_shares
2021-12-31,SEE,no_shares
2021-12-31,SIVBQ,no_shares
2021-12-31,SPG,no_shares
2021-12-31,STZ,no_shares
2021-12-31,TAP,no_shares
2021-12-31,UA,no_shares
2021-12-31,UAA,no_shares
2021-12-31,UHS,no_shares
2021-12-31,VIAC,no_shares
2021-12-31,WBA,no_shares
2021-12-31,WRK,no_shares
2022-03-31,ABC,no_shares
2022-03-31,ABMD,no_shares
2022-03-31,ANSS,no_shares
2022-03-31,BKR,no_shares
2022-03-31,BLK,no_shares
2022-03-31,BLL,no_shares
2022-03-31,CDAY,no_shares
2022-03-31,CMA,no_shares
2022-03-31,CTLT,no_shares
2022-03-31,CTXS,no_shares
2022-03-31,DFS,no_shares
2022-03-31,DISCA,no_shares
2022-03-31,DISCK,no_shares
2022-03-31,DISH,no_shares
2022-03-31,EL,no_shares
2022-03-31,FI,no_shares
2022-03-31,FLT,no_shares
2022-03-31,FRC,no_shares
2022-03-31,HES,no_shares
2022-03-31,HOLX,no_shares
2022-03-31,HRL,no_shares
2022-03-31,IPG,no_shares
2022-03-31,JNPR,no_shares
2022-03-31,K,no_shares
2022-03-31,LEN,no_shares
2022-03-31,META,no_shares
2022-03-31,MKC,no_shares
2022-03-31,MMC,no_shares
2022-03-31,MRO,no_shares
2022-03-31,NLOK,no_shares
2022-03-31,NLSN,no_shares
2022-03-31,PARA,no_shares
2022-03-31,PBCT,no_shares
2022-03-31,PEAK,no_shares
2022-03-31,PXD,no_shares
2022-03-31,RE,no_shares
2022-03-31,RL,no_shares
2022-03-31,SBNY,no_shares
2022-03-31,SEE,no_shares
2022-03-31,SIVBQ,no_shares
2022-03-31,SPG,no_shares
2022-03-31,STZ,no_shares
2022-03-31,TAP,no_shares
2022-03-31,UA,no_shares
2022-03-31,UAA,no_shares
2022-03-31,UHS,no_shares
2022-03-31,WBA,no_shares
2022-03-31,WRK,no_shares
2022-06-30,ABC,no_shares
2022-06-30,ABMD,no_shares
2022-06-30,ANSS,no_shares
2022-06-30,BKR,no_shares
2022-06-30,BLK,no_shares
2022-06-30,CDAY,no_shares
2022-06-30,CMA,no_shares
2022-06-30,CTLT,no_shares
2022-06-30,CTXS,no_shares
2022-06-30,DFS,no_shares
2022-06-30,DISH,no_shares
2022-06-30,EL,no_shares
2022-06-30,FI,no_shares
2022-06-30,FLT,no_shares
2022-06-30,FRC,no_shares
2022-06-30,HES,no_shares
2022-06-30,HOLX,no_shares
2022-06-30,HRL,no_shares
2022-06-30,IPG,no_shares
2022-06-30,JNPR,no_shares
2022-06-30,K,no_shares
2022-06-30,LEN,no_shares
2022-06-30,META,no_shares
2022-06-30,MKC,no_shares
2022-06-30,MMC,no_shares
2022-06-30,MRO,no_shares
2022-06-30,NLOK,no_shares
2022-06-30,NLSN,no_shares
2022-06-30,PARA,no_shares
2022-06-30,PEAK,no_shares
2022-06-30,PXD,no_shares
2022-06-30,RE,no_shares
2022-06-30,RL,no_shares
2022-06-30,SBNY,no_shares
2022-06-30,SEE,no_shares
2022-06-30,SIVBQ,no_shares
2022-06-30,SPG,no_shares
2022-06-30,STZ,no_shares
2022-06-30,TAP,no_shares
2022-06-30,UHS,no_shares
2022-06-30,WBA,no_shares
2022-06-30,WRK,no_shares
2022-09-30,ABC,no_shares
2022-09-30,ABMD,no_shares
2022-09-30,ANSS,no_shares
2022-09-30,BKR,no_shares
2022-09-30,BLK,no_shares
2022-09-30,CDAY,no_shares
2022-09-30,CMA,no_shares
2022-09-30,CTLT,no_shares
2022-09-30,CTXS,no_shares
2022-09-30,DFS,no_shares
2022-09-30,DISH,no_shares
2022-09-30,EL,no_shares
2022-09-30,FI,no_shares
2022-09-30,FLT,no_shares
2022-09-30,FRC,no_shares
2022-09-30,HES,no_shares
2022-09-30,HOLX,no_shares
2022-09-30,HRL,no_shares
2022-09-30,IPG,no_shares
2022-09-30,JNPR,no_shares
2022-09-30,K,no_shares
2022-09-30,LEN,no_shares
2022-09-30,META,no_shares
2022-09-30,MKC,no_shares
2022-09-30,MMC,no_shares
2022-09-30,MRO,no_shares
2022-09-30,NLOK,no_shares
2022-09-30,NLSN,no_shares
2022-09-30,PARA,no_shares
2022-09-30,PEAK,no_shares
2022-09-30,PXD,no_shares
2022-09-30,RE,no_shares
2022-09-30,RL,no_shares
2022-09-30,SBNY,no_shares
2022-09-30,SEE,no_shares
2022-09-30,SIVBQ,no_shares
2022-09-30,SPG,no_shares
2022-09-30,STZ,no_shares
2022-09-30,TAP,no_shares
2022-09-30,UHS,no_shares
2022-09-30,WBA,no_shares
2022-09-30,WRK,no_shares
2022-12-30,ABC,no_shares
2022-12-30,ANSS,no_shares
2022-12-30,BKR,no_shares
2022-12-30,BLK,no_shares
2022-12-30,CDAY,no_shares
2022-12-30,CMA,no_shares
2022-12-30,CTLT,no_shares
2022-12-30,DFS,no_shares
2022-12-30,DISH,no_shares
2022-12-30,EL,no_shares
2022-12-30,FI,no_shares
2022-12-30,FLT,no_shares
2022-12-30,FRC,no_shares
2022-12-30,HES,no_shares
2022-12-30,HOLX,no_shares
2022-12-30,HRL,no_shares
2022-12-30,IPG,no_shares
2022-12-30,JNPR,no_shares
2022-12-30,K,no_shares
2022-12-30,LEN,no_shares
2022-12-30,META,no_shares
2022-12-30,MKC,no_shares
2022-12-30,MMC,no_shares
2022-12-30,MRO,no_shares
2022-12-30,PARA,no_shares
2022-12-30,PEAK,no_shares
2022-12-30,PXD,no_shares
2022-12-30,RE,no_shares
2022-12-30,RL,no_shares
2022-12-30,SBNY,no_shares
2022-12-30,SEE,no_shares
2022-12-30,SIVBQ,no_shares
2022-12-30,SPG,no_shares
2022-12-30,STZ,no_shares
2022-12-30,TAP,no_shares
2022-12-30,UHS,no_shares
2022-12-30,WBA,no_shares
2022-12-30,WRK,no_shares
2023-03-31,ABC,no_shares
2023-03-31,ANSS,no_shares
2023-03-31,BG,no_shares
2023-03-31,BLK,no_shares
2023-03-31,CDAY,no_shares
2023-03-31,CMA,no_shares
2023-03-31,CTLT,no_shares
2023-03-31,DFS,no_shares
2023-03-31,DISH,no_shares
2023-03-31,EL,no_shares
2023-03-31,FI,no_shares
2023-03-31,FLT,no_shares
2023-03-31,FRC,no_shares
2023-03-31,HES,no_shares
2023-03-31,HOLX,no_shares
2023-03-31,HRL,no_shares
2023-03-31,IPG,no_shares
2023-03-31,JNPR,no_shares
2023-03-31,K,no_shares
2023-03-31,LEN,no_shares
2023-03-31,META,no_shares
2023-03-31,MKC,no_shares
2023-03-31,MMC,no_shares
2023-03-31,MRO,no_shares
2023-03-31,PARA,no_shares
2023-03-31,PEAK,no_shares
2023-03-31,PXD,no_shares
2023-03-31,RE,no_shares
2023-03-31,RL,no_shares
2023-03-31,SEE,no_shares
2023-03-31,SPG,no_shares
2023-03-31,STZ,no_shares
2023-03-31,TAP,no_shares
2023-03-31,UHS,no_shares
2023-03-31,WBA,no_shares
2023-03-31,WRK,no_shares
2023-06-30,ABC,no_shares
2023-06-30,ANSS,no_shares
2023-06-30,BG,no_shares
2023-06-30,BLK,no_shares
2023-06-30,CDAY,no_shares
2023-06-30,CMA,no_shares
2023-06-30,CTLT,no_shares
2023-06-30,DFS,no_shares
2023-06-30,EL,no_shares
2023-06-30,FI,no_shares
2023-06-30,FLT,no_shares
2023-06-30,HES,no_shares
2023-06-30,HOLX,no_shares
2023-06-30,HRL,no_shares
2023-06-30,IPG,no_shares
2023-06-30,JNPR,no_shares
2023-06-30,K,no_shares
2023-06-30,LEN,no_shares
2023-06-30,META,no_shares
2023-06-30,MKC,no_shares
2023-06-30,MMC,no_shares
2023-06-30,MRO,no_shares
2023-06-30,PARA,no_shares
2023-06-30,PEAK,no_shares
2023-06-30,PXD,no_shares
2023-06-30,RE,no_shares
2023-06-30,RL,no_shares
2023-06-30,SEE,no_shares
2023-06-30,SPG,no_shares
2023-06-30,STZ,no_shares
2023-06-30,TAP,no_shares
2023-06-30,UHS,no_shares
2023-06-30,WBA,no_shares
2023-06-30,WRK,no_shares
2023-09-29,ABNB,no_shares
2023-09-29,ANSS,no_shares
2023-09-29,BG,no_shares
2023-09-29,BLK,no_shares
2023-09-29,CDAY,no_shares
2023-09-29,CMA,no_shares
2023-09-29,CTLT,no_shares
2023-09-29,DFS,no_shares
2023-09-29,EL,no_shares
2023-09-29,FI,no_shares
2023-09-29,FLT,no_shares
2023-09-29,HES,no_shares
2023-09-29,HOLX,no_shares
2023-09-29,HRL,no_shares
2023-09-29,IPG,no_shares
2023-09-29,JNPR,no_shares
2023-09-29,K,no_shares
2023-09-29,LEN,no_shares
2023-09-29,META,no_shares
2023-09-29,MKC,no_shares
2023-09-29,MMC,no_shares
2023-09-29,MRO,no_shares
2023-09-29,PARA,no_shares
2023-09-29,PEAK,no_shares
2023-09-29,PXD,no_shares
2023-09-29,RL,no_shares
2023-09-29,SEE,no_shares
2023-09-29,SPG,no_shares
2023-09-29,STZ,no_shares
2023-09-29,TAP,no_shares
2023-09-29,UHS,no_shares
2023-09-29,WBA,no_shares
2023-09-29,WRK,no_shares
2023-12-29,ABNB,no_shares
2023-12-29,ANSS,no_shares
2023-12-29,BG,no_shares
2023-12-29,BLK,no_shares
2023-12-29,CDAY,no_shares
2023-12-29,CMA,no_shares
2023-12-29,CTLT,no_shares
2023-12-29,DFS,no_shares
2023-12-29,EL,no_shares
2023-12-29,FI,no_shares
2023-12-29,FLT,no_shares
2023-12-29,HES,no_shares
2023-12-29,HOLX,no_shares
2023-12-29,HRL,no_shares
2023-12-29,IPG,no_shares
2023-12-29,JNPR,no_shares
2023-12-29,K,no_shares
2023-12-29,LEN,no_shares
2023-12-29,META,no_shares
2023-12-29,MKC,no_shares
2023-12-29,MMC,no_shares
2023-12-29,MRO,no_shares
2023-12-29,PARA,no_shares
2023-12-29,PEAK,no_shares
2023-12-29,PXD,no_shares
2023-12-29,RL,no_shares
2023-12-29,SPG,no_shares
2023-12-29,STZ,no_shares
2023-12-29,TAP,no_shares
2023-12-29,UHS,no_shares
2023-12-29,WBA,no_shares
2023-12-29,WRK,no_shares
2024-03-28,ABNB,no_shares
2024-03-28,ANSS,no_shares
2024-03-28,CMA,no_shares
2024-03-28,CTLT,no_shares
2024-03-28,DAY,no_shares
2024-03-28,DFS,no_shares
2024-03-28,EL,no_shares
2024-03-28,FI,no_shares
2024-03-28,HES,no_shares
2024-03-28,HOLX,no_shares
2024-03-28,HRL,no_shares
2024-03-28,IPG,no_shares
2024-03-28,JNPR,no_shares
2024-03-28,K,no_shares
2024-03-28,LEN,no_shares
2024-03-28,META,no_shares
2024-03-28,MKC,no_shares
2024-03-28,MMC,no_shares
2024-03-28,MRO,no_shares
2024-03-28,PARA,no_shares
2024-03-28,PXD,no_shares
2024-03-28,RL,no_shares
2024-03-28,SPG,no_shares
2024-03-28,STZ,no_shares
2024-03-28,TAP,no_shares
2024-03-28,UHS,no_shares
2024-03-28,WBA,no_shares
2024-03-28,WRK,no_shares
2024-06-28,ABNB,no_shares
2024-06-28,ANSS,no_shares
2024-06-28,CRWD,no_shares
2024-06-28,CTLT,no_shares
2024-06-28,DAY,no_shares
2024-06-28,DFS,no_shares
2024-06-28,EL,no_shares
2024-06-28,FI,no_shares
2024-06-28,HES,no_shares
2024-06-28,HOLX,no_shares
2024-06-28,HRL,no_shares
2024-06-28,IPG,no_shares
2024-06-28,JNPR,no_shares
2024-06-28,K,no_shares
2024-06-28,LEN,no_shares
2024-06-28,META,no_shares
2024-06-28,MKC,no_shares
2024-06-28,MMC,no_shares
2024-06-28,MRO,no_shares
2024-06-28,PARA,no_shares
2024-06-28,RL,no_shares
2024-06-28,SPG,no_shares
2024-06-28,STZ,no_shares
2024-06-28,TAP,no_shares
2024-06-28,UHS,no_shares
2024-06-28,WBA,no_shares
2024-06-28,WRK,no_shares
2024-09-30,ABNB,no_shares
2024-09-30,ANSS,no_shares
2024-09-30,CRWD,no_shares
2024-09-30,CTLT,no_shares
2024-09-30,DAY,no_shares
2024-09-30,DFS,no_shares
2024-09-30,EL,no_shares
2024-09-30,ERIE,no_shares
2024-09-30,FI,no_shares
2024-09-30,HES,no_shares
2024-09-30,HOLX,no_shares
2024-09-30,HRL,no_shares
2024-09-30,IPG,no_shares
2024-09-30,JNPR,no_shares
2024-09-30,K,no_shares
2024-09-30,LEN,no_shares
2024-09-30,META,no_shares
2024-09-30,MKC,no_shares
2024-09-30,MMC,no_shares
2024-09-30,MRO,no_shares
2024-09-30,PARA,no_shares
2024-09-30,RL,no_shares
2024-09-30,SPG,no_shares
2024-09-30,STZ,no_shares
2024-09-30,TAP,no_shares
2024-09-30,UHS,no_shares
2024-09-30,WBA,no_shares
2024-12-31,ABNB,no_shares
2024-12-31,ANSS,no_shares
2024-12-31,CRWD,no_shares
2024-12-31,DAY,no_shares
2024-12-31,DFS,no_shares
2024-12-31,EL,no_shares
2024-12-31,ERIE,no_shares
2024-12-31,FI,no_shares
2024-12-31,HES,no_shares
2024-12-31,HOLX,no_shares
2024-12-31,HRL,no_shares
2024-12-31,IPG,no_shares
2024-12-31,JNPR,no_shares
2024-12-31,K,no_shares
2024-12-31,LEN,no_shares
2024-12-31,META,no_shares
2024-12-31,MKC,no_shares
2024-12-31,MMC,no_shares
2024-12-31,PARA,no_shares
2024-12-31,RL,no_shares
2024-12-31,SPG,no_shares
2024-12-31,STZ,no_shares
2024-12-31,TAP,no_shares
2024-12-31,UHS,no_shares
2024-12-31,WBA,no_shares
2025-03-31,ABNB,no_shares
2025-03-31,ANSS,no_shares
2025-03-31,CRWD,no_shares
2025-03-31,DAY,no_shares
2025-03-31,DFS,no_shares
2025-03-31,EL,no_shares
2025-03-31,ERIE,no_shares
2025-03-31,FI,no_shares
2025-03-31,HES,no_shares
2025-03-31,HOLX,no_shares
2025-03-31,HRL,no_shares
2025-03-31,IPG,no_shares
2025-03-31,JNPR,no_shares
2025-03-31,K,no_shares
2025-03-31,LEN,no_shares
2025-03-31,META,no_shares
2025-03-31,MKC,no_shares
2025-03-31,MMC,no_shares
2025-03-31,PARA,no_shares
2025-03-31,RL,no_shares
2025-03-31,SPG,no_shares
2025-03-31,STZ,no_shares
2025-03-31,TAP,no_shares
2025-03-31,UHS,no_shares
2025-03-31,WBA,no_shares
2025-06-30,ABNB,no_shares
2025-06-30,ANSS,no_shares
2025-06-30,DASH,no_shares
2025-06-30,DAY,no_shares
2025-06-30,EL,no_shares
2025-06-30,ERIE,no_shares
2025-06-30,FI,no_shares
2025-06-30,HES,no_shares
2025-06-30,HOLX,no_shares
2025-06-30,HRL,no_shares
2025-06-30,IPG,no_shares
2025-06-30,JNPR,no_shares
2025-06-30,K,no_shares
2025-06-30,LEN,no_shares
2025-06-30,META,no_shares
2025-06-30,MKC,no_shares
2025-06-30,MMC,no_shares
2025-06-30,PARA,no_shares
2025-06-30,RL,no_shares
2025-06-30,SPG,no_shares
2025-06-30,STZ,no_shares
2025-06-30,TAP,no_shares
2025-06-30,TKO,no_shares
2025-06-30,UHS,no_shares
2025-06-30,WBA,no_shares
2025-09-30,ABNB,no_shares
2025-09-30,DASH,no_shares
2025-09-30,DAY,no_shares
2025-09-30,DDOG,no_shares
2025-09-30,EL,no_shares
2025-09-30,ERIE,no_shares
2025-09-30,FI,no_shares
2025-09-30,HOLX,no_shares
2025-09-30,HOOD,no_shares
2025-09-30,HRL,no_shares
2025-09-30,IPG,no_shares
2025-09-30,K,no_shares
2025-09-30,LEN,no_shares
2025-09-30,META,no_shares
2025-09-30,MKC,no_shares
2025-09-30,MMC,no_shares
2025-09-30,PSKY,no_shares
2025-09-30,RL,no_shares
2025-09-30,SPG,no_shares
2025-09-30,STZ,no_shares
2025-09-30,TAP,no_shares
2025-09-30,TKO,no_shares
2025-09-30,TTD,no_shares
2025-09-30,UHS,no_shares
2025-09-30,XYZ,no_shares
2025-12-30,ABNB,no_shares
2025-12-30,CVNA,no_shares
2025-12-30,DASH,no_shares
2025-12-30,DAY,no_shares
2025-12-30,DDOG,no_shares
2025-12-30,EL,no_shares
2025-12-30,ERIE,no_shares
2025-12-30,FI,no_shares
2025-12-30,HOLX,no_shares
2025-12-30,HOOD,no_shares
2025-12-30,HRL,no_shares
2025-12-30,LEN,no_shares
2025-12-30,META,no_shares
2025-12-30,MKC,no_shares
2025-12-30,MMC,no_shares
2025-12-30,RL,no_shares
2025-12-30,SPG,no_shares
2025-12-30,STZ,no_shares
2025-12-30,TAP,no_shares
2025-12-30,TKO,no_shares
2025-12-30,TTD,no_shares
2025-12-30,UHS,no_shares
2025-12-30,XYZ,no_shares
